result_no	used_model_no	result_start_ymd	result_end_ymd	split	result_sql_id	bettype	kumiban	result_class_id	simul_class_id	evaluations_id	pattern_selector	prediction_selector	model_selector	pattern_id	min_betrate	min_betcnt	save_stat	save_graph	save_result	grade_condition
# simulation준비 1T 1단계									x	x	x	x	x							
731	99080	20180601	20210601	3	r123-*	1T	123456	Default	x	x	x	x	x	nopattern	0.001	50	yes	yes	no	'ip','G3'
732	99081	20180601	20210601	3	r123-*	1T	123456	Default	x	x	x	x	x	nopattern	0.001	50	yes	yes	no	'ip','G3'
733	99082	20180601	20210601	3	r123-*	1T	123456	Default	x	x	x	x	x	nopattern	0.001	50	yes	yes	no	'ip','G3'
734	99083	20180601	20210601	3	r123-*	1T	123456	Default	x	x	x	x	x	nopattern	0.001	50	yes	yes	no	'ip','G3'
735	99084	20180601	20210601	3	r123-*	1T	123456	Default	x	x	x	x	x	nopattern	0.001	50	yes	yes	no	'ip','G3'
736	99085	20180601	20210601	3	r123-*	1T	123456	Default	x	x	x	x	x	nopattern	0.001	50	yes	yes	no	'ip','G3'
737	99086	20180601	20210601	3	r123-*	1T	123456	Default	x	x	x	x	x	nopattern	0.001	50	yes	yes	no	'ip','G3'
738	99087	20180601	20210601	3	r123-*	1T	123456	Default	x	x	x	x	x	nopattern	0.001	50	yes	yes	no	'ip','G3'
739	99088	20180601	20210601	3	r123-*	1T	123456	Default	x	x	x	x	x	nopattern	0.001	50	yes	yes	no	'ip','G3'
740	99089	20180601	20210601	3	r123-*	1T	123456	Default	x	x	x	x	x	nopattern	0.001	50	yes	yes	no	'ip','G3'
741	99090	20180601	20210601	3	r123-*	1T	123456	Default	x	x	x	x	x	nopattern	0.001	50	yes	yes	no	'ip','G3'
742	99091	20180601	20210601	3	r123-*	1T	123456	Default	x	x	x	x	x	nopattern	0.001	50	yes	yes	no	'ip','G3'
743	99092	20180601	20210601	3	r123-*	1T	123456	Default	x	x	x	x	x	nopattern	0.001	50	yes	yes	no	'ip','G3'
744	99093	20180601	20210601	3	r123-*	1T	123456	Default	x	x	x	x	x	nopattern	0.001	50	yes	yes	no	'ip','G3'
745	99094	20180601	20210601	3	r123-*	1T	123456	Default	x	x	x	x	x	nopattern	0.001	50	yes	yes	no	'ip','G3'
746	99095	20180601	20210601	3	r123-*	1T	123456	Default	x	x	x	x	x	nopattern	0.001	50	yes	yes	no	'ip','G3'
747	99096	20180601	20210601	3	r123-*	1T	123456	Default	x	x	x	x	x	nopattern	0.001	50	yes	yes	no	'ip','G3'
748	99080	20180601	20210601	3	r123-*	1T	123456	Default	x	x	x	x	x	jyocd	0.001	50	yes	yes	no	'ip','G3'
749	99081	20180601	20210601	3	r123-*	1T	123456	Default	x	x	x	x	x	jyocd	0.001	50	yes	yes	no	'ip','G3'
750	99082	20180601	20210601	3	r123-*	1T	123456	Default	x	x	x	x	x	jyocd	0.001	50	yes	yes	no	'ip','G3'
751	99083	20180601	20210601	3	r123-*	1T	123456	Default	x	x	x	x	x	jyocd	0.001	50	yes	yes	no	'ip','G3'
752	99084	20180601	20210601	3	r123-*	1T	123456	Default	x	x	x	x	x	jyocd	0.001	50	yes	yes	no	'ip','G3'
753	99085	20180601	20210601	3	r123-*	1T	123456	Default	x	x	x	x	x	jyocd	0.001	50	yes	yes	no	'ip','G3'
754	99086	20180601	20210601	3	r123-*	1T	123456	Default	x	x	x	x	x	jyocd	0.001	50	yes	yes	no	'ip','G3'
755	99087	20180601	20210601	3	r123-*	1T	123456	Default	x	x	x	x	x	jyocd	0.001	50	yes	yes	no	'ip','G3'
756	99088	20180601	20210601	3	r123-*	1T	123456	Default	x	x	x	x	x	jyocd	0.001	50	yes	yes	no	'ip','G3'
757	99089	20180601	20210601	3	r123-*	1T	123456	Default	x	x	x	x	x	jyocd	0.001	50	yes	yes	no	'ip','G3'
758	99090	20180601	20210601	3	r123-*	1T	123456	Default	x	x	x	x	x	jyocd	0.001	50	yes	yes	no	'ip','G3'
759	99091	20180601	20210601	3	r123-*	1T	123456	Default	x	x	x	x	x	jyocd	0.001	50	yes	yes	no	'ip','G3'
760	99092	20180601	20210601	3	r123-*	1T	123456	Default	x	x	x	x	x	jyocd	0.001	50	yes	yes	no	'ip','G3'
761	99093	20180601	20210601	3	r123-*	1T	123456	Default	x	x	x	x	x	jyocd	0.001	50	yes	yes	no	'ip','G3'
762	99094	20180601	20210601	3	r123-*	1T	123456	Default	x	x	x	x	x	jyocd	0.001	50	yes	yes	no	'ip','G3'
763	99095	20180601	20210601	3	r123-*	1T	123456	Default	x	x	x	x	x	jyocd	0.001	50	yes	yes	no	'ip','G3'
764	99096	20180601	20210601	3	r123-*	1T	123456	Default	x	x	x	x	x	jyocd	0.001	50	yes	yes	no	'ip','G3'
765	99080	20180601	20210601	3	r123-*	1T	123456	Default	x	x	x	x	x	turn	0.001	50	yes	yes	no	'ip','G3'
766	99081	20180601	20210601	3	r123-*	1T	123456	Default	x	x	x	x	x	turn	0.001	50	yes	yes	no	'ip','G3'
767	99082	20180601	20210601	3	r123-*	1T	123456	Default	x	x	x	x	x	turn	0.001	50	yes	yes	no	'ip','G3'
768	99083	20180601	20210601	3	r123-*	1T	123456	Default	x	x	x	x	x	turn	0.001	50	yes	yes	no	'ip','G3'
769	99084	20180601	20210601	3	r123-*	1T	123456	Default	x	x	x	x	x	turn	0.001	50	yes	yes	no	'ip','G3'
770	99085	20180601	20210601	3	r123-*	1T	123456	Default	x	x	x	x	x	turn	0.001	50	yes	yes	no	'ip','G3'
771	99086	20180601	20210601	3	r123-*	1T	123456	Default	x	x	x	x	x	turn	0.001	50	yes	yes	no	'ip','G3'
772	99087	20180601	20210601	3	r123-*	1T	123456	Default	x	x	x	x	x	turn	0.001	50	yes	yes	no	'ip','G3'
773	99088	20180601	20210601	3	r123-*	1T	123456	Default	x	x	x	x	x	turn	0.001	50	yes	yes	no	'ip','G3'
774	99089	20180601	20210601	3	r123-*	1T	123456	Default	x	x	x	x	x	turn	0.001	50	yes	yes	no	'ip','G3'
775	99090	20180601	20210601	3	r123-*	1T	123456	Default	x	x	x	x	x	turn	0.001	50	yes	yes	no	'ip','G3'
776	99091	20180601	20210601	3	r123-*	1T	123456	Default	x	x	x	x	x	turn	0.001	50	yes	yes	no	'ip','G3'
777	99092	20180601	20210601	3	r123-*	1T	123456	Default	x	x	x	x	x	turn	0.001	50	yes	yes	no	'ip','G3'
778	99093	20180601	20210601	3	r123-*	1T	123456	Default	x	x	x	x	x	turn	0.001	50	yes	yes	no	'ip','G3'
779	99094	20180601	20210601	3	r123-*	1T	123456	Default	x	x	x	x	x	turn	0.001	50	yes	yes	no	'ip','G3'
780	99095	20180601	20210601	3	r123-*	1T	123456	Default	x	x	x	x	x	turn	0.001	50	yes	yes	no	'ip','G3'
781	99096	20180601	20210601	3	r123-*	1T	123456	Default	x	x	x	x	x	turn	0.001	50	yes	yes	no	'ip','G3'
782	99080	20180601	20210601	3	r123-*	1T	123456	Default	x	x	x	x	x	raceno	0.001	50	yes	yes	no	'ip','G3'
783	99081	20180601	20210601	3	r123-*	1T	123456	Default	x	x	x	x	x	raceno	0.001	50	yes	yes	no	'ip','G3'
784	99082	20180601	20210601	3	r123-*	1T	123456	Default	x	x	x	x	x	raceno	0.001	50	yes	yes	no	'ip','G3'
785	99083	20180601	20210601	3	r123-*	1T	123456	Default	x	x	x	x	x	raceno	0.001	50	yes	yes	no	'ip','G3'
786	99084	20180601	20210601	3	r123-*	1T	123456	Default	x	x	x	x	x	raceno	0.001	50	yes	yes	no	'ip','G3'
787	99085	20180601	20210601	3	r123-*	1T	123456	Default	x	x	x	x	x	raceno	0.001	50	yes	yes	no	'ip','G3'
788	99086	20180601	20210601	3	r123-*	1T	123456	Default	x	x	x	x	x	raceno	0.001	50	yes	yes	no	'ip','G3'
789	99087	20180601	20210601	3	r123-*	1T	123456	Default	x	x	x	x	x	raceno	0.001	50	yes	yes	no	'ip','G3'
790	99088	20180601	20210601	3	r123-*	1T	123456	Default	x	x	x	x	x	raceno	0.001	50	yes	yes	no	'ip','G3'
791	99089	20180601	20210601	3	r123-*	1T	123456	Default	x	x	x	x	x	raceno	0.001	50	yes	yes	no	'ip','G3'
792	99090	20180601	20210601	3	r123-*	1T	123456	Default	x	x	x	x	x	raceno	0.001	50	yes	yes	no	'ip','G3'
793	99091	20180601	20210601	3	r123-*	1T	123456	Default	x	x	x	x	x	raceno	0.001	50	yes	yes	no	'ip','G3'
794	99092	20180601	20210601	3	r123-*	1T	123456	Default	x	x	x	x	x	raceno	0.001	50	yes	yes	no	'ip','G3'
795	99093	20180601	20210601	3	r123-*	1T	123456	Default	x	x	x	x	x	raceno	0.001	50	yes	yes	no	'ip','G3'
796	99094	20180601	20210601	3	r123-*	1T	123456	Default	x	x	x	x	x	raceno	0.001	50	yes	yes	no	'ip','G3'
797	99095	20180601	20210601	3	r123-*	1T	123456	Default	x	x	x	x	x	raceno	0.001	50	yes	yes	no	'ip','G3'
798	99096	20180601	20210601	3	r123-*	1T	123456	Default	x	x	x	x	x	raceno	0.001	50	yes	yes	no	'ip','G3'
799	99080	20180601	20210601	3	r123-*	1T	123456	Default	x	x	x	x	x	racetype	0.001	50	yes	yes	no	'ip','G3'
800	99081	20180601	20210601	3	r123-*	1T	123456	Default	x	x	x	x	x	racetype	0.001	50	yes	yes	no	'ip','G3'
801	99082	20180601	20210601	3	r123-*	1T	123456	Default	x	x	x	x	x	racetype	0.001	50	yes	yes	no	'ip','G3'
802	99083	20180601	20210601	3	r123-*	1T	123456	Default	x	x	x	x	x	racetype	0.001	50	yes	yes	no	'ip','G3'
803	99084	20180601	20210601	3	r123-*	1T	123456	Default	x	x	x	x	x	racetype	0.001	50	yes	yes	no	'ip','G3'
804	99085	20180601	20210601	3	r123-*	1T	123456	Default	x	x	x	x	x	racetype	0.001	50	yes	yes	no	'ip','G3'
805	99086	20180601	20210601	3	r123-*	1T	123456	Default	x	x	x	x	x	racetype	0.001	50	yes	yes	no	'ip','G3'
806	99087	20180601	20210601	3	r123-*	1T	123456	Default	x	x	x	x	x	racetype	0.001	50	yes	yes	no	'ip','G3'
807	99088	20180601	20210601	3	r123-*	1T	123456	Default	x	x	x	x	x	racetype	0.001	50	yes	yes	no	'ip','G3'
808	99089	20180601	20210601	3	r123-*	1T	123456	Default	x	x	x	x	x	racetype	0.001	50	yes	yes	no	'ip','G3'
809	99090	20180601	20210601	3	r123-*	1T	123456	Default	x	x	x	x	x	racetype	0.001	50	yes	yes	no	'ip','G3'
810	99091	20180601	20210601	3	r123-*	1T	123456	Default	x	x	x	x	x	racetype	0.001	50	yes	yes	no	'ip','G3'
811	99092	20180601	20210601	3	r123-*	1T	123456	Default	x	x	x	x	x	racetype	0.001	50	yes	yes	no	'ip','G3'
812	99093	20180601	20210601	3	r123-*	1T	123456	Default	x	x	x	x	x	racetype	0.001	50	yes	yes	no	'ip','G3'
813	99094	20180601	20210601	3	r123-*	1T	123456	Default	x	x	x	x	x	racetype	0.001	50	yes	yes	no	'ip','G3'
814	99095	20180601	20210601	3	r123-*	1T	123456	Default	x	x	x	x	x	racetype	0.001	50	yes	yes	no	'ip','G3'
815	99096	20180601	20210601	3	r123-*	1T	123456	Default	x	x	x	x	x	racetype	0.001	50	yes	yes	no	'ip','G3'
816	99080	20180601	20210601	3	r123-*	1T	123456	Default	x	x	x	x	x	alevelcount	0.001	50	yes	yes	no	'ip','G3'
817	99081	20180601	20210601	3	r123-*	1T	123456	Default	x	x	x	x	x	alevelcount	0.001	50	yes	yes	no	'ip','G3'
818	99082	20180601	20210601	3	r123-*	1T	123456	Default	x	x	x	x	x	alevelcount	0.001	50	yes	yes	no	'ip','G3'
819	99083	20180601	20210601	3	r123-*	1T	123456	Default	x	x	x	x	x	alevelcount	0.001	50	yes	yes	no	'ip','G3'
820	99084	20180601	20210601	3	r123-*	1T	123456	Default	x	x	x	x	x	alevelcount	0.001	50	yes	yes	no	'ip','G3'
821	99085	20180601	20210601	3	r123-*	1T	123456	Default	x	x	x	x	x	alevelcount	0.001	50	yes	yes	no	'ip','G3'
822	99086	20180601	20210601	3	r123-*	1T	123456	Default	x	x	x	x	x	alevelcount	0.001	50	yes	yes	no	'ip','G3'
823	99087	20180601	20210601	3	r123-*	1T	123456	Default	x	x	x	x	x	alevelcount	0.001	50	yes	yes	no	'ip','G3'
824	99088	20180601	20210601	3	r123-*	1T	123456	Default	x	x	x	x	x	alevelcount	0.001	50	yes	yes	no	'ip','G3'
825	99089	20180601	20210601	3	r123-*	1T	123456	Default	x	x	x	x	x	alevelcount	0.001	50	yes	yes	no	'ip','G3'
826	99090	20180601	20210601	3	r123-*	1T	123456	Default	x	x	x	x	x	alevelcount	0.001	50	yes	yes	no	'ip','G3'
827	99091	20180601	20210601	3	r123-*	1T	123456	Default	x	x	x	x	x	alevelcount	0.001	50	yes	yes	no	'ip','G3'
828	99092	20180601	20210601	3	r123-*	1T	123456	Default	x	x	x	x	x	alevelcount	0.001	50	yes	yes	no	'ip','G3'
829	99093	20180601	20210601	3	r123-*	1T	123456	Default	x	x	x	x	x	alevelcount	0.001	50	yes	yes	no	'ip','G3'
830	99094	20180601	20210601	3	r123-*	1T	123456	Default	x	x	x	x	x	alevelcount	0.001	50	yes	yes	no	'ip','G3'
831	99095	20180601	20210601	3	r123-*	1T	123456	Default	x	x	x	x	x	alevelcount	0.001	50	yes	yes	no	'ip','G3'
832	99096	20180601	20210601	3	r123-*	1T	123456	Default	x	x	x	x	x	alevelcount	0.001	50	yes	yes	no	'ip','G3'
833	99080	20180601	20210601	3	r123-*	1T	123456	Default	x	x	x	x	x	wakulevel1	0.001	50	yes	yes	no	'ip','G3'
834	99081	20180601	20210601	3	r123-*	1T	123456	Default	x	x	x	x	x	wakulevel1	0.001	50	yes	yes	no	'ip','G3'
835	99082	20180601	20210601	3	r123-*	1T	123456	Default	x	x	x	x	x	wakulevel1	0.001	50	yes	yes	no	'ip','G3'
836	99083	20180601	20210601	3	r123-*	1T	123456	Default	x	x	x	x	x	wakulevel1	0.001	50	yes	yes	no	'ip','G3'
837	99084	20180601	20210601	3	r123-*	1T	123456	Default	x	x	x	x	x	wakulevel1	0.001	50	yes	yes	no	'ip','G3'
838	99085	20180601	20210601	3	r123-*	1T	123456	Default	x	x	x	x	x	wakulevel1	0.001	50	yes	yes	no	'ip','G3'
839	99086	20180601	20210601	3	r123-*	1T	123456	Default	x	x	x	x	x	wakulevel1	0.001	50	yes	yes	no	'ip','G3'
840	99087	20180601	20210601	3	r123-*	1T	123456	Default	x	x	x	x	x	wakulevel1	0.001	50	yes	yes	no	'ip','G3'
841	99088	20180601	20210601	3	r123-*	1T	123456	Default	x	x	x	x	x	wakulevel1	0.001	50	yes	yes	no	'ip','G3'
842	99089	20180601	20210601	3	r123-*	1T	123456	Default	x	x	x	x	x	wakulevel1	0.001	50	yes	yes	no	'ip','G3'
843	99090	20180601	20210601	3	r123-*	1T	123456	Default	x	x	x	x	x	wakulevel1	0.001	50	yes	yes	no	'ip','G3'
844	99091	20180601	20210601	3	r123-*	1T	123456	Default	x	x	x	x	x	wakulevel1	0.001	50	yes	yes	no	'ip','G3'
845	99092	20180601	20210601	3	r123-*	1T	123456	Default	x	x	x	x	x	wakulevel1	0.001	50	yes	yes	no	'ip','G3'
846	99093	20180601	20210601	3	r123-*	1T	123456	Default	x	x	x	x	x	wakulevel1	0.001	50	yes	yes	no	'ip','G3'
847	99094	20180601	20210601	3	r123-*	1T	123456	Default	x	x	x	x	x	wakulevel1	0.001	50	yes	yes	no	'ip','G3'
848	99095	20180601	20210601	3	r123-*	1T	123456	Default	x	x	x	x	x	wakulevel1	0.001	50	yes	yes	no	'ip','G3'
849	99096	20180601	20210601	3	r123-*	1T	123456	Default	x	x	x	x	x	wakulevel1	0.001	50	yes	yes	no	'ip','G3'
850	99080	20180601	20210601	3	r123-*	1T	123456	Default	x	x	x	x	x	wakulevel12	0.001	50	yes	yes	no	'ip','G3'
851	99081	20180601	20210601	3	r123-*	1T	123456	Default	x	x	x	x	x	wakulevel12	0.001	50	yes	yes	no	'ip','G3'
852	99082	20180601	20210601	3	r123-*	1T	123456	Default	x	x	x	x	x	wakulevel12	0.001	50	yes	yes	no	'ip','G3'
853	99083	20180601	20210601	3	r123-*	1T	123456	Default	x	x	x	x	x	wakulevel12	0.001	50	yes	yes	no	'ip','G3'
854	99084	20180601	20210601	3	r123-*	1T	123456	Default	x	x	x	x	x	wakulevel12	0.001	50	yes	yes	no	'ip','G3'
855	99085	20180601	20210601	3	r123-*	1T	123456	Default	x	x	x	x	x	wakulevel12	0.001	50	yes	yes	no	'ip','G3'
856	99086	20180601	20210601	3	r123-*	1T	123456	Default	x	x	x	x	x	wakulevel12	0.001	50	yes	yes	no	'ip','G3'
857	99087	20180601	20210601	3	r123-*	1T	123456	Default	x	x	x	x	x	wakulevel12	0.001	50	yes	yes	no	'ip','G3'
858	99088	20180601	20210601	3	r123-*	1T	123456	Default	x	x	x	x	x	wakulevel12	0.001	50	yes	yes	no	'ip','G3'
859	99089	20180601	20210601	3	r123-*	1T	123456	Default	x	x	x	x	x	wakulevel12	0.001	50	yes	yes	no	'ip','G3'
860	99090	20180601	20210601	3	r123-*	1T	123456	Default	x	x	x	x	x	wakulevel12	0.001	50	yes	yes	no	'ip','G3'
861	99091	20180601	20210601	3	r123-*	1T	123456	Default	x	x	x	x	x	wakulevel12	0.001	50	yes	yes	no	'ip','G3'
862	99092	20180601	20210601	3	r123-*	1T	123456	Default	x	x	x	x	x	wakulevel12	0.001	50	yes	yes	no	'ip','G3'
863	99093	20180601	20210601	3	r123-*	1T	123456	Default	x	x	x	x	x	wakulevel12	0.001	50	yes	yes	no	'ip','G3'
864	99094	20180601	20210601	3	r123-*	1T	123456	Default	x	x	x	x	x	wakulevel12	0.001	50	yes	yes	no	'ip','G3'
865	99095	20180601	20210601	3	r123-*	1T	123456	Default	x	x	x	x	x	wakulevel12	0.001	50	yes	yes	no	'ip','G3'
866	99096	20180601	20210601	3	r123-*	1T	123456	Default	x	x	x	x	x	wakulevel12	0.001	50	yes	yes	no	'ip','G3'
867	99080	20180601	20210601	3	r123-*	1T	123456	Default	x	x	x	x	x	wakulevel13	0.001	50	yes	yes	no	'ip','G3'
868	99081	20180601	20210601	3	r123-*	1T	123456	Default	x	x	x	x	x	wakulevel13	0.001	50	yes	yes	no	'ip','G3'
869	99082	20180601	20210601	3	r123-*	1T	123456	Default	x	x	x	x	x	wakulevel13	0.001	50	yes	yes	no	'ip','G3'
870	99083	20180601	20210601	3	r123-*	1T	123456	Default	x	x	x	x	x	wakulevel13	0.001	50	yes	yes	no	'ip','G3'
871	99084	20180601	20210601	3	r123-*	1T	123456	Default	x	x	x	x	x	wakulevel13	0.001	50	yes	yes	no	'ip','G3'
872	99085	20180601	20210601	3	r123-*	1T	123456	Default	x	x	x	x	x	wakulevel13	0.001	50	yes	yes	no	'ip','G3'
873	99086	20180601	20210601	3	r123-*	1T	123456	Default	x	x	x	x	x	wakulevel13	0.001	50	yes	yes	no	'ip','G3'
874	99087	20180601	20210601	3	r123-*	1T	123456	Default	x	x	x	x	x	wakulevel13	0.001	50	yes	yes	no	'ip','G3'
875	99088	20180601	20210601	3	r123-*	1T	123456	Default	x	x	x	x	x	wakulevel13	0.001	50	yes	yes	no	'ip','G3'
876	99089	20180601	20210601	3	r123-*	1T	123456	Default	x	x	x	x	x	wakulevel13	0.001	50	yes	yes	no	'ip','G3'
877	99090	20180601	20210601	3	r123-*	1T	123456	Default	x	x	x	x	x	wakulevel13	0.001	50	yes	yes	no	'ip','G3'
878	99091	20180601	20210601	3	r123-*	1T	123456	Default	x	x	x	x	x	wakulevel13	0.001	50	yes	yes	no	'ip','G3'
879	99092	20180601	20210601	3	r123-*	1T	123456	Default	x	x	x	x	x	wakulevel13	0.001	50	yes	yes	no	'ip','G3'
880	99093	20180601	20210601	3	r123-*	1T	123456	Default	x	x	x	x	x	wakulevel13	0.001	50	yes	yes	no	'ip','G3'
881	99094	20180601	20210601	3	r123-*	1T	123456	Default	x	x	x	x	x	wakulevel13	0.001	50	yes	yes	no	'ip','G3'
882	99095	20180601	20210601	3	r123-*	1T	123456	Default	x	x	x	x	x	wakulevel13	0.001	50	yes	yes	no	'ip','G3'
883	99096	20180601	20210601	3	r123-*	1T	123456	Default	x	x	x	x	x	wakulevel13	0.001	50	yes	yes	no	'ip','G3'
884	99080	20180601	20210601	3	r123-*	1T	123456	Default	x	x	x	x	x	probr1-1dig	0.001	50	yes	yes	no	'ip','G3'
885	99081	20180601	20210601	3	r123-*	1T	123456	Default	x	x	x	x	x	probr1-1dig	0.001	50	yes	yes	no	'ip','G3'
886	99082	20180601	20210601	3	r123-*	1T	123456	Default	x	x	x	x	x	probr1-1dig	0.001	50	yes	yes	no	'ip','G3'
887	99083	20180601	20210601	3	r123-*	1T	123456	Default	x	x	x	x	x	probr1-1dig	0.001	50	yes	yes	no	'ip','G3'
888	99084	20180601	20210601	3	r123-*	1T	123456	Default	x	x	x	x	x	probr1-1dig	0.001	50	yes	yes	no	'ip','G3'
889	99085	20180601	20210601	3	r123-*	1T	123456	Default	x	x	x	x	x	probr1-1dig	0.001	50	yes	yes	no	'ip','G3'
890	99086	20180601	20210601	3	r123-*	1T	123456	Default	x	x	x	x	x	probr1-1dig	0.001	50	yes	yes	no	'ip','G3'
891	99087	20180601	20210601	3	r123-*	1T	123456	Default	x	x	x	x	x	probr1-1dig	0.001	50	yes	yes	no	'ip','G3'
892	99088	20180601	20210601	3	r123-*	1T	123456	Default	x	x	x	x	x	probr1-1dig	0.001	50	yes	yes	no	'ip','G3'
893	99089	20180601	20210601	3	r123-*	1T	123456	Default	x	x	x	x	x	probr1-1dig	0.001	50	yes	yes	no	'ip','G3'
894	99090	20180601	20210601	3	r123-*	1T	123456	Default	x	x	x	x	x	probr1-1dig	0.001	50	yes	yes	no	'ip','G3'
895	99091	20180601	20210601	3	r123-*	1T	123456	Default	x	x	x	x	x	probr1-1dig	0.001	50	yes	yes	no	'ip','G3'
896	99092	20180601	20210601	3	r123-*	1T	123456	Default	x	x	x	x	x	probr1-1dig	0.001	50	yes	yes	no	'ip','G3'
897	99093	20180601	20210601	3	r123-*	1T	123456	Default	x	x	x	x	x	probr1-1dig	0.001	50	yes	yes	no	'ip','G3'
898	99094	20180601	20210601	3	r123-*	1T	123456	Default	x	x	x	x	x	probr1-1dig	0.001	50	yes	yes	no	'ip','G3'
899	99095	20180601	20210601	3	r123-*	1T	123456	Default	x	x	x	x	x	probr1-1dig	0.001	50	yes	yes	no	'ip','G3'
900	99096	20180601	20210601	3	r123-*	1T	123456	Default	x	x	x	x	x	probr1-1dig	0.001	50	yes	yes	no	'ip','G3'
901	99080	20180601	20210601	3	r123-*	1T	123456	Default	x	x	x	x	x	probr1-2dig	0.001	50	yes	yes	no	'ip','G3'
902	99081	20180601	20210601	3	r123-*	1T	123456	Default	x	x	x	x	x	probr1-2dig	0.001	50	yes	yes	no	'ip','G3'
903	99082	20180601	20210601	3	r123-*	1T	123456	Default	x	x	x	x	x	probr1-2dig	0.001	50	yes	yes	no	'ip','G3'
904	99083	20180601	20210601	3	r123-*	1T	123456	Default	x	x	x	x	x	probr1-2dig	0.001	50	yes	yes	no	'ip','G3'
905	99084	20180601	20210601	3	r123-*	1T	123456	Default	x	x	x	x	x	probr1-2dig	0.001	50	yes	yes	no	'ip','G3'
906	99085	20180601	20210601	3	r123-*	1T	123456	Default	x	x	x	x	x	probr1-2dig	0.001	50	yes	yes	no	'ip','G3'
907	99086	20180601	20210601	3	r123-*	1T	123456	Default	x	x	x	x	x	probr1-2dig	0.001	50	yes	yes	no	'ip','G3'
908	99087	20180601	20210601	3	r123-*	1T	123456	Default	x	x	x	x	x	probr1-2dig	0.001	50	yes	yes	no	'ip','G3'
909	99088	20180601	20210601	3	r123-*	1T	123456	Default	x	x	x	x	x	probr1-2dig	0.001	50	yes	yes	no	'ip','G3'
910	99089	20180601	20210601	3	r123-*	1T	123456	Default	x	x	x	x	x	probr1-2dig	0.001	50	yes	yes	no	'ip','G3'
911	99090	20180601	20210601	3	r123-*	1T	123456	Default	x	x	x	x	x	probr1-2dig	0.001	50	yes	yes	no	'ip','G3'
912	99091	20180601	20210601	3	r123-*	1T	123456	Default	x	x	x	x	x	probr1-2dig	0.001	50	yes	yes	no	'ip','G3'
913	99092	20180601	20210601	3	r123-*	1T	123456	Default	x	x	x	x	x	probr1-2dig	0.001	50	yes	yes	no	'ip','G3'
914	99093	20180601	20210601	3	r123-*	1T	123456	Default	x	x	x	x	x	probr1-2dig	0.001	50	yes	yes	no	'ip','G3'
915	99094	20180601	20210601	3	r123-*	1T	123456	Default	x	x	x	x	x	probr1-2dig	0.001	50	yes	yes	no	'ip','G3'
916	99095	20180601	20210601	3	r123-*	1T	123456	Default	x	x	x	x	x	probr1-2dig	0.001	50	yes	yes	no	'ip','G3'
917	99096	20180601	20210601	3	r123-*	1T	123456	Default	x	x	x	x	x	probr1-2dig	0.001	50	yes	yes	no	'ip','G3'
918	99080	20180601	20210601	3	r123-*	1T	123456	Default	x	x	x	x	x	compred1	0.001	50	yes	yes	no	'ip','G3'
919	99081	20180601	20210601	3	r123-*	1T	123456	Default	x	x	x	x	x	compred1	0.001	50	yes	yes	no	'ip','G3'
920	99082	20180601	20210601	3	r123-*	1T	123456	Default	x	x	x	x	x	compred1	0.001	50	yes	yes	no	'ip','G3'
921	99083	20180601	20210601	3	r123-*	1T	123456	Default	x	x	x	x	x	compred1	0.001	50	yes	yes	no	'ip','G3'
922	99084	20180601	20210601	3	r123-*	1T	123456	Default	x	x	x	x	x	compred1	0.001	50	yes	yes	no	'ip','G3'
923	99085	20180601	20210601	3	r123-*	1T	123456	Default	x	x	x	x	x	compred1	0.001	50	yes	yes	no	'ip','G3'
924	99086	20180601	20210601	3	r123-*	1T	123456	Default	x	x	x	x	x	compred1	0.001	50	yes	yes	no	'ip','G3'
925	99087	20180601	20210601	3	r123-*	1T	123456	Default	x	x	x	x	x	compred1	0.001	50	yes	yes	no	'ip','G3'
926	99088	20180601	20210601	3	r123-*	1T	123456	Default	x	x	x	x	x	compred1	0.001	50	yes	yes	no	'ip','G3'
927	99089	20180601	20210601	3	r123-*	1T	123456	Default	x	x	x	x	x	compred1	0.001	50	yes	yes	no	'ip','G3'
928	99090	20180601	20210601	3	r123-*	1T	123456	Default	x	x	x	x	x	compred1	0.001	50	yes	yes	no	'ip','G3'
929	99091	20180601	20210601	3	r123-*	1T	123456	Default	x	x	x	x	x	compred1	0.001	50	yes	yes	no	'ip','G3'
930	99092	20180601	20210601	3	r123-*	1T	123456	Default	x	x	x	x	x	compred1	0.001	50	yes	yes	no	'ip','G3'
931	99093	20180601	20210601	3	r123-*	1T	123456	Default	x	x	x	x	x	compred1	0.001	50	yes	yes	no	'ip','G3'
932	99094	20180601	20210601	3	r123-*	1T	123456	Default	x	x	x	x	x	compred1	0.001	50	yes	yes	no	'ip','G3'
933	99095	20180601	20210601	3	r123-*	1T	123456	Default	x	x	x	x	x	compred1	0.001	50	yes	yes	no	'ip','G3'
934	99096	20180601	20210601	3	r123-*	1T	123456	Default	x	x	x	x	x	compred1	0.001	50	yes	yes	no	'ip','G3'
935	99080	20180601	20210601	3	r123-*	1T	123456	Default	x	x	x	x	x	compred12	0.001	50	yes	yes	no	'ip','G3'
936	99081	20180601	20210601	3	r123-*	1T	123456	Default	x	x	x	x	x	compred12	0.001	50	yes	yes	no	'ip','G3'
937	99082	20180601	20210601	3	r123-*	1T	123456	Default	x	x	x	x	x	compred12	0.001	50	yes	yes	no	'ip','G3'
938	99083	20180601	20210601	3	r123-*	1T	123456	Default	x	x	x	x	x	compred12	0.001	50	yes	yes	no	'ip','G3'
939	99084	20180601	20210601	3	r123-*	1T	123456	Default	x	x	x	x	x	compred12	0.001	50	yes	yes	no	'ip','G3'
940	99085	20180601	20210601	3	r123-*	1T	123456	Default	x	x	x	x	x	compred12	0.001	50	yes	yes	no	'ip','G3'
941	99086	20180601	20210601	3	r123-*	1T	123456	Default	x	x	x	x	x	compred12	0.001	50	yes	yes	no	'ip','G3'
942	99087	20180601	20210601	3	r123-*	1T	123456	Default	x	x	x	x	x	compred12	0.001	50	yes	yes	no	'ip','G3'
943	99088	20180601	20210601	3	r123-*	1T	123456	Default	x	x	x	x	x	compred12	0.001	50	yes	yes	no	'ip','G3'
944	99089	20180601	20210601	3	r123-*	1T	123456	Default	x	x	x	x	x	compred12	0.001	50	yes	yes	no	'ip','G3'
945	99090	20180601	20210601	3	r123-*	1T	123456	Default	x	x	x	x	x	compred12	0.001	50	yes	yes	no	'ip','G3'
946	99091	20180601	20210601	3	r123-*	1T	123456	Default	x	x	x	x	x	compred12	0.001	50	yes	yes	no	'ip','G3'
947	99092	20180601	20210601	3	r123-*	1T	123456	Default	x	x	x	x	x	compred12	0.001	50	yes	yes	no	'ip','G3'
948	99093	20180601	20210601	3	r123-*	1T	123456	Default	x	x	x	x	x	compred12	0.001	50	yes	yes	no	'ip','G3'
949	99094	20180601	20210601	3	r123-*	1T	123456	Default	x	x	x	x	x	compred12	0.001	50	yes	yes	no	'ip','G3'
950	99095	20180601	20210601	3	r123-*	1T	123456	Default	x	x	x	x	x	compred12	0.001	50	yes	yes	no	'ip','G3'
951	99096	20180601	20210601	3	r123-*	1T	123456	Default	x	x	x	x	x	compred12	0.001	50	yes	yes	no	'ip','G3'
# simulation준비 1T 2단계																				
952	99080	20180601	20210601	3	r123-*	1T	123456	Default	x	x	x	x	x	turn+level1	0	50	yes	yes	no	'ip','G3'
953	99081	20180601	20210601	3	r123-*	1T	123456	Default	x	x	x	x	x	turn+level1	0	50	yes	yes	no	'ip','G3'
954	99082	20180601	20210601	3	r123-*	1T	123456	Default	x	x	x	x	x	turn+level1	0	50	yes	yes	no	'ip','G3'
955	99083	20180601	20210601	3	r123-*	1T	123456	Default	x	x	x	x	x	turn+level1	0	50	yes	yes	no	'ip','G3'
956	99084	20180601	20210601	3	r123-*	1T	123456	Default	x	x	x	x	x	turn+level1	0	50	yes	yes	no	'ip','G3'
957	99085	20180601	20210601	3	r123-*	1T	123456	Default	x	x	x	x	x	turn+level1	0	50	yes	yes	no	'ip','G3'
958	99086	20180601	20210601	3	r123-*	1T	123456	Default	x	x	x	x	x	turn+level1	0	50	yes	yes	no	'ip','G3'
959	99087	20180601	20210601	3	r123-*	1T	123456	Default	x	x	x	x	x	turn+level1	0	50	yes	yes	no	'ip','G3'
960	99088	20180601	20210601	3	r123-*	1T	123456	Default	x	x	x	x	x	turn+level1	0	50	yes	yes	no	'ip','G3'
961	99089	20180601	20210601	3	r123-*	1T	123456	Default	x	x	x	x	x	turn+level1	0	50	yes	yes	no	'ip','G3'
962	99090	20180601	20210601	3	r123-*	1T	123456	Default	x	x	x	x	x	turn+level1	0	50	yes	yes	no	'ip','G3'
963	99091	20180601	20210601	3	r123-*	1T	123456	Default	x	x	x	x	x	turn+level1	0	50	yes	yes	no	'ip','G3'
964	99092	20180601	20210601	3	r123-*	1T	123456	Default	x	x	x	x	x	turn+level1	0	50	yes	yes	no	'ip','G3'
965	99093	20180601	20210601	3	r123-*	1T	123456	Default	x	x	x	x	x	turn+level1	0	50	yes	yes	no	'ip','G3'
966	99094	20180601	20210601	3	r123-*	1T	123456	Default	x	x	x	x	x	turn+level1	0	50	yes	yes	no	'ip','G3'
967	99095	20180601	20210601	3	r123-*	1T	123456	Default	x	x	x	x	x	turn+level1	0	50	yes	yes	no	'ip','G3'
968	99096	20180601	20210601	3	r123-*	1T	123456	Default	x	x	x	x	x	turn+level1	0	50	yes	yes	no	'ip','G3'
969	99080	20180601	20210601	3	r123-*	1T	123456	Default	x	x	x	x	x	turn+race	0	50	yes	yes	no	'ip','G3'
970	99081	20180601	20210601	3	r123-*	1T	123456	Default	x	x	x	x	x	turn+race	0	50	yes	yes	no	'ip','G3'
971	99082	20180601	20210601	3	r123-*	1T	123456	Default	x	x	x	x	x	turn+race	0	50	yes	yes	no	'ip','G3'
972	99083	20180601	20210601	3	r123-*	1T	123456	Default	x	x	x	x	x	turn+race	0	50	yes	yes	no	'ip','G3'
973	99084	20180601	20210601	3	r123-*	1T	123456	Default	x	x	x	x	x	turn+race	0	50	yes	yes	no	'ip','G3'
974	99085	20180601	20210601	3	r123-*	1T	123456	Default	x	x	x	x	x	turn+race	0	50	yes	yes	no	'ip','G3'
975	99086	20180601	20210601	3	r123-*	1T	123456	Default	x	x	x	x	x	turn+race	0	50	yes	yes	no	'ip','G3'
976	99087	20180601	20210601	3	r123-*	1T	123456	Default	x	x	x	x	x	turn+race	0	50	yes	yes	no	'ip','G3'
977	99088	20180601	20210601	3	r123-*	1T	123456	Default	x	x	x	x	x	turn+race	0	50	yes	yes	no	'ip','G3'
978	99089	20180601	20210601	3	r123-*	1T	123456	Default	x	x	x	x	x	turn+race	0	50	yes	yes	no	'ip','G3'
979	99090	20180601	20210601	3	r123-*	1T	123456	Default	x	x	x	x	x	turn+race	0	50	yes	yes	no	'ip','G3'
980	99091	20180601	20210601	3	r123-*	1T	123456	Default	x	x	x	x	x	turn+race	0	50	yes	yes	no	'ip','G3'
981	99092	20180601	20210601	3	r123-*	1T	123456	Default	x	x	x	x	x	turn+race	0	50	yes	yes	no	'ip','G3'
982	99093	20180601	20210601	3	r123-*	1T	123456	Default	x	x	x	x	x	turn+race	0	50	yes	yes	no	'ip','G3'
983	99094	20180601	20210601	3	r123-*	1T	123456	Default	x	x	x	x	x	turn+race	0	50	yes	yes	no	'ip','G3'
984	99095	20180601	20210601	3	r123-*	1T	123456	Default	x	x	x	x	x	turn+race	0	50	yes	yes	no	'ip','G3'
985	99096	20180601	20210601	3	r123-*	1T	123456	Default	x	x	x	x	x	turn+race	0	50	yes	yes	no	'ip','G3'
986	99080	20180601	20210601	3	r123-*	1T	123456	Default	x	x	x	x	x	turn+alvlcnt	0	50	yes	yes	no	'ip','G3'
987	99081	20180601	20210601	3	r123-*	1T	123456	Default	x	x	x	x	x	turn+alvlcnt	0	50	yes	yes	no	'ip','G3'
988	99082	20180601	20210601	3	r123-*	1T	123456	Default	x	x	x	x	x	turn+alvlcnt	0	50	yes	yes	no	'ip','G3'
989	99083	20180601	20210601	3	r123-*	1T	123456	Default	x	x	x	x	x	turn+alvlcnt	0	50	yes	yes	no	'ip','G3'
990	99084	20180601	20210601	3	r123-*	1T	123456	Default	x	x	x	x	x	turn+alvlcnt	0	50	yes	yes	no	'ip','G3'
991	99085	20180601	20210601	3	r123-*	1T	123456	Default	x	x	x	x	x	turn+alvlcnt	0	50	yes	yes	no	'ip','G3'
992	99086	20180601	20210601	3	r123-*	1T	123456	Default	x	x	x	x	x	turn+alvlcnt	0	50	yes	yes	no	'ip','G3'
993	99087	20180601	20210601	3	r123-*	1T	123456	Default	x	x	x	x	x	turn+alvlcnt	0	50	yes	yes	no	'ip','G3'
994	99088	20180601	20210601	3	r123-*	1T	123456	Default	x	x	x	x	x	turn+alvlcnt	0	50	yes	yes	no	'ip','G3'
995	99089	20180601	20210601	3	r123-*	1T	123456	Default	x	x	x	x	x	turn+alvlcnt	0	50	yes	yes	no	'ip','G3'
996	99090	20180601	20210601	3	r123-*	1T	123456	Default	x	x	x	x	x	turn+alvlcnt	0	50	yes	yes	no	'ip','G3'
997	99091	20180601	20210601	3	r123-*	1T	123456	Default	x	x	x	x	x	turn+alvlcnt	0	50	yes	yes	no	'ip','G3'
998	99092	20180601	20210601	3	r123-*	1T	123456	Default	x	x	x	x	x	turn+alvlcnt	0	50	yes	yes	no	'ip','G3'
999	99093	20180601	20210601	3	r123-*	1T	123456	Default	x	x	x	x	x	turn+alvlcnt	0	50	yes	yes	no	'ip','G3'
1000	99094	20180601	20210601	3	r123-*	1T	123456	Default	x	x	x	x	x	turn+alvlcnt	0	50	yes	yes	no	'ip','G3'
1001	99095	20180601	20210601	3	r123-*	1T	123456	Default	x	x	x	x	x	turn+alvlcnt	0	50	yes	yes	no	'ip','G3'
1002	99096	20180601	20210601	3	r123-*	1T	123456	Default	x	x	x	x	x	turn+alvlcnt	0	50	yes	yes	no	'ip','G3'
1003	99080	20180601	20210601	3	r123-*	1T	123456	Default	x	x	x	x	x	turn+racetype	0	50	yes	yes	no	'ip','G3'
1004	99081	20180601	20210601	3	r123-*	1T	123456	Default	x	x	x	x	x	turn+racetype	0	50	yes	yes	no	'ip','G3'
1005	99082	20180601	20210601	3	r123-*	1T	123456	Default	x	x	x	x	x	turn+racetype	0	50	yes	yes	no	'ip','G3'
1006	99083	20180601	20210601	3	r123-*	1T	123456	Default	x	x	x	x	x	turn+racetype	0	50	yes	yes	no	'ip','G3'
1007	99084	20180601	20210601	3	r123-*	1T	123456	Default	x	x	x	x	x	turn+racetype	0	50	yes	yes	no	'ip','G3'
1008	99085	20180601	20210601	3	r123-*	1T	123456	Default	x	x	x	x	x	turn+racetype	0	50	yes	yes	no	'ip','G3'
1009	99086	20180601	20210601	3	r123-*	1T	123456	Default	x	x	x	x	x	turn+racetype	0	50	yes	yes	no	'ip','G3'
1010	99087	20180601	20210601	3	r123-*	1T	123456	Default	x	x	x	x	x	turn+racetype	0	50	yes	yes	no	'ip','G3'
1011	99088	20180601	20210601	3	r123-*	1T	123456	Default	x	x	x	x	x	turn+racetype	0	50	yes	yes	no	'ip','G3'
1012	99089	20180601	20210601	3	r123-*	1T	123456	Default	x	x	x	x	x	turn+racetype	0	50	yes	yes	no	'ip','G3'
1013	99090	20180601	20210601	3	r123-*	1T	123456	Default	x	x	x	x	x	turn+racetype	0	50	yes	yes	no	'ip','G3'
1014	99091	20180601	20210601	3	r123-*	1T	123456	Default	x	x	x	x	x	turn+racetype	0	50	yes	yes	no	'ip','G3'
1015	99092	20180601	20210601	3	r123-*	1T	123456	Default	x	x	x	x	x	turn+racetype	0	50	yes	yes	no	'ip','G3'
1016	99093	20180601	20210601	3	r123-*	1T	123456	Default	x	x	x	x	x	turn+racetype	0	50	yes	yes	no	'ip','G3'
1017	99094	20180601	20210601	3	r123-*	1T	123456	Default	x	x	x	x	x	turn+racetype	0	50	yes	yes	no	'ip','G3'
1018	99095	20180601	20210601	3	r123-*	1T	123456	Default	x	x	x	x	x	turn+racetype	0	50	yes	yes	no	'ip','G3'
1019	99096	20180601	20210601	3	r123-*	1T	123456	Default	x	x	x	x	x	turn+racetype	0	50	yes	yes	no	'ip','G3'
1020	99080	20180601	20210601	3	r123-*	1T	123456	Default	x	x	x	x	x	jyocd+racetype	0	50	yes	yes	no	'ip','G3'
1021	99081	20180601	20210601	3	r123-*	1T	123456	Default	x	x	x	x	x	jyocd+racetype	0	50	yes	yes	no	'ip','G3'
1022	99082	20180601	20210601	3	r123-*	1T	123456	Default	x	x	x	x	x	jyocd+racetype	0	50	yes	yes	no	'ip','G3'
1023	99083	20180601	20210601	3	r123-*	1T	123456	Default	x	x	x	x	x	jyocd+racetype	0	50	yes	yes	no	'ip','G3'
1024	99084	20180601	20210601	3	r123-*	1T	123456	Default	x	x	x	x	x	jyocd+racetype	0	50	yes	yes	no	'ip','G3'
1025	99085	20180601	20210601	3	r123-*	1T	123456	Default	x	x	x	x	x	jyocd+racetype	0	50	yes	yes	no	'ip','G3'
1026	99086	20180601	20210601	3	r123-*	1T	123456	Default	x	x	x	x	x	jyocd+racetype	0	50	yes	yes	no	'ip','G3'
1027	99087	20180601	20210601	3	r123-*	1T	123456	Default	x	x	x	x	x	jyocd+racetype	0	50	yes	yes	no	'ip','G3'
1028	99088	20180601	20210601	3	r123-*	1T	123456	Default	x	x	x	x	x	jyocd+racetype	0	50	yes	yes	no	'ip','G3'
1029	99089	20180601	20210601	3	r123-*	1T	123456	Default	x	x	x	x	x	jyocd+racetype	0	50	yes	yes	no	'ip','G3'
1030	99090	20180601	20210601	3	r123-*	1T	123456	Default	x	x	x	x	x	jyocd+racetype	0	50	yes	yes	no	'ip','G3'
1031	99091	20180601	20210601	3	r123-*	1T	123456	Default	x	x	x	x	x	jyocd+racetype	0	50	yes	yes	no	'ip','G3'
1032	99092	20180601	20210601	3	r123-*	1T	123456	Default	x	x	x	x	x	jyocd+racetype	0	50	yes	yes	no	'ip','G3'
1033	99093	20180601	20210601	3	r123-*	1T	123456	Default	x	x	x	x	x	jyocd+racetype	0	50	yes	yes	no	'ip','G3'
1034	99094	20180601	20210601	3	r123-*	1T	123456	Default	x	x	x	x	x	jyocd+racetype	0	50	yes	yes	no	'ip','G3'
1035	99095	20180601	20210601	3	r123-*	1T	123456	Default	x	x	x	x	x	jyocd+racetype	0	50	yes	yes	no	'ip','G3'
1036	99096	20180601	20210601	3	r123-*	1T	123456	Default	x	x	x	x	x	jyocd+racetype	0	50	yes	yes	no	'ip','G3'
1037	99080	20180601	20210601	3	r123-*	1T	123456	Default	x	x	x	x	x	jyocd+race	0	50	yes	yes	no	'ip','G3'
1038	99081	20180601	20210601	3	r123-*	1T	123456	Default	x	x	x	x	x	jyocd+race	0	50	yes	yes	no	'ip','G3'
1039	99082	20180601	20210601	3	r123-*	1T	123456	Default	x	x	x	x	x	jyocd+race	0	50	yes	yes	no	'ip','G3'
1040	99083	20180601	20210601	3	r123-*	1T	123456	Default	x	x	x	x	x	jyocd+race	0	50	yes	yes	no	'ip','G3'
1041	99084	20180601	20210601	3	r123-*	1T	123456	Default	x	x	x	x	x	jyocd+race	0	50	yes	yes	no	'ip','G3'
1042	99085	20180601	20210601	3	r123-*	1T	123456	Default	x	x	x	x	x	jyocd+race	0	50	yes	yes	no	'ip','G3'
1043	99086	20180601	20210601	3	r123-*	1T	123456	Default	x	x	x	x	x	jyocd+race	0	50	yes	yes	no	'ip','G3'
1044	99087	20180601	20210601	3	r123-*	1T	123456	Default	x	x	x	x	x	jyocd+race	0	50	yes	yes	no	'ip','G3'
1045	99088	20180601	20210601	3	r123-*	1T	123456	Default	x	x	x	x	x	jyocd+race	0	50	yes	yes	no	'ip','G3'
1046	99089	20180601	20210601	3	r123-*	1T	123456	Default	x	x	x	x	x	jyocd+race	0	50	yes	yes	no	'ip','G3'
1047	99090	20180601	20210601	3	r123-*	1T	123456	Default	x	x	x	x	x	jyocd+race	0	50	yes	yes	no	'ip','G3'
1048	99091	20180601	20210601	3	r123-*	1T	123456	Default	x	x	x	x	x	jyocd+race	0	50	yes	yes	no	'ip','G3'
1049	99092	20180601	20210601	3	r123-*	1T	123456	Default	x	x	x	x	x	jyocd+race	0	50	yes	yes	no	'ip','G3'
1050	99093	20180601	20210601	3	r123-*	1T	123456	Default	x	x	x	x	x	jyocd+race	0	50	yes	yes	no	'ip','G3'
1051	99094	20180601	20210601	3	r123-*	1T	123456	Default	x	x	x	x	x	jyocd+race	0	50	yes	yes	no	'ip','G3'
1052	99095	20180601	20210601	3	r123-*	1T	123456	Default	x	x	x	x	x	jyocd+race	0	50	yes	yes	no	'ip','G3'
1053	99096	20180601	20210601	3	r123-*	1T	123456	Default	x	x	x	x	x	jyocd+race	0	50	yes	yes	no	'ip','G3'
1054	99080	20180601	20210601	3	r123-*	1T	123456	Default	x	x	x	x	x	probr12-1dig	0	50	yes	yes	no	'ip','G3'
1055	99081	20180601	20210601	3	r123-*	1T	123456	Default	x	x	x	x	x	probr12-1dig	0	50	yes	yes	no	'ip','G3'
1056	99082	20180601	20210601	3	r123-*	1T	123456	Default	x	x	x	x	x	probr12-1dig	0	50	yes	yes	no	'ip','G3'
1057	99083	20180601	20210601	3	r123-*	1T	123456	Default	x	x	x	x	x	probr12-1dig	0	50	yes	yes	no	'ip','G3'
1058	99084	20180601	20210601	3	r123-*	1T	123456	Default	x	x	x	x	x	probr12-1dig	0	50	yes	yes	no	'ip','G3'
1059	99085	20180601	20210601	3	r123-*	1T	123456	Default	x	x	x	x	x	probr12-1dig	0	50	yes	yes	no	'ip','G3'
1060	99086	20180601	20210601	3	r123-*	1T	123456	Default	x	x	x	x	x	probr12-1dig	0	50	yes	yes	no	'ip','G3'
1061	99087	20180601	20210601	3	r123-*	1T	123456	Default	x	x	x	x	x	probr12-1dig	0	50	yes	yes	no	'ip','G3'
1062	99088	20180601	20210601	3	r123-*	1T	123456	Default	x	x	x	x	x	probr12-1dig	0	50	yes	yes	no	'ip','G3'
1063	99089	20180601	20210601	3	r123-*	1T	123456	Default	x	x	x	x	x	probr12-1dig	0	50	yes	yes	no	'ip','G3'
1064	99090	20180601	20210601	3	r123-*	1T	123456	Default	x	x	x	x	x	probr12-1dig	0	50	yes	yes	no	'ip','G3'
1065	99091	20180601	20210601	3	r123-*	1T	123456	Default	x	x	x	x	x	probr12-1dig	0	50	yes	yes	no	'ip','G3'
1066	99092	20180601	20210601	3	r123-*	1T	123456	Default	x	x	x	x	x	probr12-1dig	0	50	yes	yes	no	'ip','G3'
1067	99093	20180601	20210601	3	r123-*	1T	123456	Default	x	x	x	x	x	probr12-1dig	0	50	yes	yes	no	'ip','G3'
1068	99094	20180601	20210601	3	r123-*	1T	123456	Default	x	x	x	x	x	probr12-1dig	0	50	yes	yes	no	'ip','G3'
1069	99095	20180601	20210601	3	r123-*	1T	123456	Default	x	x	x	x	x	probr12-1dig	0	50	yes	yes	no	'ip','G3'
1070	99096	20180601	20210601	3	r123-*	1T	123456	Default	x	x	x	x	x	probr12-1dig	0	50	yes	yes	no	'ip','G3'
1071	99080	20180601	20210601	3	r123-*	1T	123456	Default	x	x	x	x	x	probr1-r2-1dig	0	50	yes	yes	no	'ip','G3'
1072	99081	20180601	20210601	3	r123-*	1T	123456	Default	x	x	x	x	x	probr1-r2-1dig	0	50	yes	yes	no	'ip','G3'
1073	99082	20180601	20210601	3	r123-*	1T	123456	Default	x	x	x	x	x	probr1-r2-1dig	0	50	yes	yes	no	'ip','G3'
1074	99083	20180601	20210601	3	r123-*	1T	123456	Default	x	x	x	x	x	probr1-r2-1dig	0	50	yes	yes	no	'ip','G3'
1075	99084	20180601	20210601	3	r123-*	1T	123456	Default	x	x	x	x	x	probr1-r2-1dig	0	50	yes	yes	no	'ip','G3'
1076	99085	20180601	20210601	3	r123-*	1T	123456	Default	x	x	x	x	x	probr1-r2-1dig	0	50	yes	yes	no	'ip','G3'
1077	99086	20180601	20210601	3	r123-*	1T	123456	Default	x	x	x	x	x	probr1-r2-1dig	0	50	yes	yes	no	'ip','G3'
1078	99087	20180601	20210601	3	r123-*	1T	123456	Default	x	x	x	x	x	probr1-r2-1dig	0	50	yes	yes	no	'ip','G3'
1079	99088	20180601	20210601	3	r123-*	1T	123456	Default	x	x	x	x	x	probr1-r2-1dig	0	50	yes	yes	no	'ip','G3'
1080	99089	20180601	20210601	3	r123-*	1T	123456	Default	x	x	x	x	x	probr1-r2-1dig	0	50	yes	yes	no	'ip','G3'
1081	99090	20180601	20210601	3	r123-*	1T	123456	Default	x	x	x	x	x	probr1-r2-1dig	0	50	yes	yes	no	'ip','G3'
1082	99091	20180601	20210601	3	r123-*	1T	123456	Default	x	x	x	x	x	probr1-r2-1dig	0	50	yes	yes	no	'ip','G3'
1083	99092	20180601	20210601	3	r123-*	1T	123456	Default	x	x	x	x	x	probr1-r2-1dig	0	50	yes	yes	no	'ip','G3'
1084	99093	20180601	20210601	3	r123-*	1T	123456	Default	x	x	x	x	x	probr1-r2-1dig	0	50	yes	yes	no	'ip','G3'
1085	99094	20180601	20210601	3	r123-*	1T	123456	Default	x	x	x	x	x	probr1-r2-1dig	0	50	yes	yes	no	'ip','G3'
1086	99095	20180601	20210601	3	r123-*	1T	123456	Default	x	x	x	x	x	probr1-r2-1dig	0	50	yes	yes	no	'ip','G3'
1087	99096	20180601	20210601	3	r123-*	1T	123456	Default	x	x	x	x	x	probr1-r2-1dig	0	50	yes	yes	no	'ip','G3'
1088	99080	20180601	20210601	3	r123-*	1T	123456	Default	x	x	x	x	x	probr1-r2-2dig	0	50	yes	yes	no	'ip','G3'
1089	99081	20180601	20210601	3	r123-*	1T	123456	Default	x	x	x	x	x	probr1-r2-2dig	0	50	yes	yes	no	'ip','G3'
1090	99082	20180601	20210601	3	r123-*	1T	123456	Default	x	x	x	x	x	probr1-r2-2dig	0	50	yes	yes	no	'ip','G3'
1091	99083	20180601	20210601	3	r123-*	1T	123456	Default	x	x	x	x	x	probr1-r2-2dig	0	50	yes	yes	no	'ip','G3'
1092	99084	20180601	20210601	3	r123-*	1T	123456	Default	x	x	x	x	x	probr1-r2-2dig	0	50	yes	yes	no	'ip','G3'
1093	99085	20180601	20210601	3	r123-*	1T	123456	Default	x	x	x	x	x	probr1-r2-2dig	0	50	yes	yes	no	'ip','G3'
1094	99086	20180601	20210601	3	r123-*	1T	123456	Default	x	x	x	x	x	probr1-r2-2dig	0	50	yes	yes	no	'ip','G3'
1095	99087	20180601	20210601	3	r123-*	1T	123456	Default	x	x	x	x	x	probr1-r2-2dig	0	50	yes	yes	no	'ip','G3'
1096	99088	20180601	20210601	3	r123-*	1T	123456	Default	x	x	x	x	x	probr1-r2-2dig	0	50	yes	yes	no	'ip','G3'
1097	99089	20180601	20210601	3	r123-*	1T	123456	Default	x	x	x	x	x	probr1-r2-2dig	0	50	yes	yes	no	'ip','G3'
1098	99090	20180601	20210601	3	r123-*	1T	123456	Default	x	x	x	x	x	probr1-r2-2dig	0	50	yes	yes	no	'ip','G3'
1099	99091	20180601	20210601	3	r123-*	1T	123456	Default	x	x	x	x	x	probr1-r2-2dig	0	50	yes	yes	no	'ip','G3'
1100	99092	20180601	20210601	3	r123-*	1T	123456	Default	x	x	x	x	x	probr1-r2-2dig	0	50	yes	yes	no	'ip','G3'
1101	99093	20180601	20210601	3	r123-*	1T	123456	Default	x	x	x	x	x	probr1-r2-2dig	0	50	yes	yes	no	'ip','G3'
1102	99094	20180601	20210601	3	r123-*	1T	123456	Default	x	x	x	x	x	probr1-r2-2dig	0	50	yes	yes	no	'ip','G3'
1103	99095	20180601	20210601	3	r123-*	1T	123456	Default	x	x	x	x	x	probr1-r2-2dig	0	50	yes	yes	no	'ip','G3'
1104	99096	20180601	20210601	3	r123-*	1T	123456	Default	x	x	x	x	x	probr1-r2-2dig	0	50	yes	yes	no	'ip','G3'
1105	99080	20180601	20210601	3	r123-*	1T	123456	Default	x	x	x	x	x	prob1+waku1	0	50	yes	yes	no	'ip','G3'
1106	99081	20180601	20210601	3	r123-*	1T	123456	Default	x	x	x	x	x	prob1+waku1	0	50	yes	yes	no	'ip','G3'
1107	99082	20180601	20210601	3	r123-*	1T	123456	Default	x	x	x	x	x	prob1+waku1	0	50	yes	yes	no	'ip','G3'
1108	99083	20180601	20210601	3	r123-*	1T	123456	Default	x	x	x	x	x	prob1+waku1	0	50	yes	yes	no	'ip','G3'
1109	99084	20180601	20210601	3	r123-*	1T	123456	Default	x	x	x	x	x	prob1+waku1	0	50	yes	yes	no	'ip','G3'
1110	99085	20180601	20210601	3	r123-*	1T	123456	Default	x	x	x	x	x	prob1+waku1	0	50	yes	yes	no	'ip','G3'
1111	99086	20180601	20210601	3	r123-*	1T	123456	Default	x	x	x	x	x	prob1+waku1	0	50	yes	yes	no	'ip','G3'
1112	99087	20180601	20210601	3	r123-*	1T	123456	Default	x	x	x	x	x	prob1+waku1	0	50	yes	yes	no	'ip','G3'
1113	99088	20180601	20210601	3	r123-*	1T	123456	Default	x	x	x	x	x	prob1+waku1	0	50	yes	yes	no	'ip','G3'
1114	99089	20180601	20210601	3	r123-*	1T	123456	Default	x	x	x	x	x	prob1+waku1	0	50	yes	yes	no	'ip','G3'
1115	99090	20180601	20210601	3	r123-*	1T	123456	Default	x	x	x	x	x	prob1+waku1	0	50	yes	yes	no	'ip','G3'
1116	99091	20180601	20210601	3	r123-*	1T	123456	Default	x	x	x	x	x	prob1+waku1	0	50	yes	yes	no	'ip','G3'
1117	99092	20180601	20210601	3	r123-*	1T	123456	Default	x	x	x	x	x	prob1+waku1	0	50	yes	yes	no	'ip','G3'
1118	99093	20180601	20210601	3	r123-*	1T	123456	Default	x	x	x	x	x	prob1+waku1	0	50	yes	yes	no	'ip','G3'
1119	99094	20180601	20210601	3	r123-*	1T	123456	Default	x	x	x	x	x	prob1+waku1	0	50	yes	yes	no	'ip','G3'
1120	99095	20180601	20210601	3	r123-*	1T	123456	Default	x	x	x	x	x	prob1+waku1	0	50	yes	yes	no	'ip','G3'
1121	99096	20180601	20210601	3	r123-*	1T	123456	Default	x	x	x	x	x	prob1+waku1	0	50	yes	yes	no	'ip','G3'
1122	99080	20180601	20210601	3	r123-*	1T	123456	Default	x	x	x	x	x	prob1+waku12	0	50	yes	yes	no	'ip','G3'
1123	99081	20180601	20210601	3	r123-*	1T	123456	Default	x	x	x	x	x	prob1+waku12	0	50	yes	yes	no	'ip','G3'
1124	99082	20180601	20210601	3	r123-*	1T	123456	Default	x	x	x	x	x	prob1+waku12	0	50	yes	yes	no	'ip','G3'
1125	99083	20180601	20210601	3	r123-*	1T	123456	Default	x	x	x	x	x	prob1+waku12	0	50	yes	yes	no	'ip','G3'
1126	99084	20180601	20210601	3	r123-*	1T	123456	Default	x	x	x	x	x	prob1+waku12	0	50	yes	yes	no	'ip','G3'
1127	99085	20180601	20210601	3	r123-*	1T	123456	Default	x	x	x	x	x	prob1+waku12	0	50	yes	yes	no	'ip','G3'
1128	99086	20180601	20210601	3	r123-*	1T	123456	Default	x	x	x	x	x	prob1+waku12	0	50	yes	yes	no	'ip','G3'
1129	99087	20180601	20210601	3	r123-*	1T	123456	Default	x	x	x	x	x	prob1+waku12	0	50	yes	yes	no	'ip','G3'
1130	99088	20180601	20210601	3	r123-*	1T	123456	Default	x	x	x	x	x	prob1+waku12	0	50	yes	yes	no	'ip','G3'
1131	99089	20180601	20210601	3	r123-*	1T	123456	Default	x	x	x	x	x	prob1+waku12	0	50	yes	yes	no	'ip','G3'
1132	99090	20180601	20210601	3	r123-*	1T	123456	Default	x	x	x	x	x	prob1+waku12	0	50	yes	yes	no	'ip','G3'
1133	99091	20180601	20210601	3	r123-*	1T	123456	Default	x	x	x	x	x	prob1+waku12	0	50	yes	yes	no	'ip','G3'
1134	99092	20180601	20210601	3	r123-*	1T	123456	Default	x	x	x	x	x	prob1+waku12	0	50	yes	yes	no	'ip','G3'
1135	99093	20180601	20210601	3	r123-*	1T	123456	Default	x	x	x	x	x	prob1+waku12	0	50	yes	yes	no	'ip','G3'
1136	99094	20180601	20210601	3	r123-*	1T	123456	Default	x	x	x	x	x	prob1+waku12	0	50	yes	yes	no	'ip','G3'
1137	99095	20180601	20210601	3	r123-*	1T	123456	Default	x	x	x	x	x	prob1+waku12	0	50	yes	yes	no	'ip','G3'
1138	99096	20180601	20210601	3	r123-*	1T	123456	Default	x	x	x	x	x	prob1+waku12	0	50	yes	yes	no	'ip','G3'
1139	99080	20180601	20210601	3	r123-*	1T	123456	Default	x	x	x	x	x	prob1+turn	0	50	yes	yes	no	'ip','G3'
1140	99081	20180601	20210601	3	r123-*	1T	123456	Default	x	x	x	x	x	prob1+turn	0	50	yes	yes	no	'ip','G3'
1141	99082	20180601	20210601	3	r123-*	1T	123456	Default	x	x	x	x	x	prob1+turn	0	50	yes	yes	no	'ip','G3'
1142	99083	20180601	20210601	3	r123-*	1T	123456	Default	x	x	x	x	x	prob1+turn	0	50	yes	yes	no	'ip','G3'
1143	99084	20180601	20210601	3	r123-*	1T	123456	Default	x	x	x	x	x	prob1+turn	0	50	yes	yes	no	'ip','G3'
1144	99085	20180601	20210601	3	r123-*	1T	123456	Default	x	x	x	x	x	prob1+turn	0	50	yes	yes	no	'ip','G3'
1145	99086	20180601	20210601	3	r123-*	1T	123456	Default	x	x	x	x	x	prob1+turn	0	50	yes	yes	no	'ip','G3'
1146	99087	20180601	20210601	3	r123-*	1T	123456	Default	x	x	x	x	x	prob1+turn	0	50	yes	yes	no	'ip','G3'
1147	99088	20180601	20210601	3	r123-*	1T	123456	Default	x	x	x	x	x	prob1+turn	0	50	yes	yes	no	'ip','G3'
1148	99089	20180601	20210601	3	r123-*	1T	123456	Default	x	x	x	x	x	prob1+turn	0	50	yes	yes	no	'ip','G3'
1149	99090	20180601	20210601	3	r123-*	1T	123456	Default	x	x	x	x	x	prob1+turn	0	50	yes	yes	no	'ip','G3'
1150	99091	20180601	20210601	3	r123-*	1T	123456	Default	x	x	x	x	x	prob1+turn	0	50	yes	yes	no	'ip','G3'
1151	99092	20180601	20210601	3	r123-*	1T	123456	Default	x	x	x	x	x	prob1+turn	0	50	yes	yes	no	'ip','G3'
1152	99093	20180601	20210601	3	r123-*	1T	123456	Default	x	x	x	x	x	prob1+turn	0	50	yes	yes	no	'ip','G3'
1153	99094	20180601	20210601	3	r123-*	1T	123456	Default	x	x	x	x	x	prob1+turn	0	50	yes	yes	no	'ip','G3'
1154	99095	20180601	20210601	3	r123-*	1T	123456	Default	x	x	x	x	x	prob1+turn	0	50	yes	yes	no	'ip','G3'
1155	99096	20180601	20210601	3	r123-*	1T	123456	Default	x	x	x	x	x	prob1+turn	0	50	yes	yes	no	'ip','G3'
1156	99080	20180601	20210601	3	r123-*	1T	123456	Default	x	x	x	x	x	prob1+raceno	0	50	yes	yes	no	'ip','G3'
1157	99081	20180601	20210601	3	r123-*	1T	123456	Default	x	x	x	x	x	prob1+raceno	0	50	yes	yes	no	'ip','G3'
1158	99082	20180601	20210601	3	r123-*	1T	123456	Default	x	x	x	x	x	prob1+raceno	0	50	yes	yes	no	'ip','G3'
1159	99083	20180601	20210601	3	r123-*	1T	123456	Default	x	x	x	x	x	prob1+raceno	0	50	yes	yes	no	'ip','G3'
1160	99084	20180601	20210601	3	r123-*	1T	123456	Default	x	x	x	x	x	prob1+raceno	0	50	yes	yes	no	'ip','G3'
1161	99085	20180601	20210601	3	r123-*	1T	123456	Default	x	x	x	x	x	prob1+raceno	0	50	yes	yes	no	'ip','G3'
1162	99086	20180601	20210601	3	r123-*	1T	123456	Default	x	x	x	x	x	prob1+raceno	0	50	yes	yes	no	'ip','G3'
1163	99087	20180601	20210601	3	r123-*	1T	123456	Default	x	x	x	x	x	prob1+raceno	0	50	yes	yes	no	'ip','G3'
1164	99088	20180601	20210601	3	r123-*	1T	123456	Default	x	x	x	x	x	prob1+raceno	0	50	yes	yes	no	'ip','G3'
1165	99089	20180601	20210601	3	r123-*	1T	123456	Default	x	x	x	x	x	prob1+raceno	0	50	yes	yes	no	'ip','G3'
1166	99090	20180601	20210601	3	r123-*	1T	123456	Default	x	x	x	x	x	prob1+raceno	0	50	yes	yes	no	'ip','G3'
1167	99091	20180601	20210601	3	r123-*	1T	123456	Default	x	x	x	x	x	prob1+raceno	0	50	yes	yes	no	'ip','G3'
1168	99092	20180601	20210601	3	r123-*	1T	123456	Default	x	x	x	x	x	prob1+raceno	0	50	yes	yes	no	'ip','G3'
1169	99093	20180601	20210601	3	r123-*	1T	123456	Default	x	x	x	x	x	prob1+raceno	0	50	yes	yes	no	'ip','G3'
1170	99094	20180601	20210601	3	r123-*	1T	123456	Default	x	x	x	x	x	prob1+raceno	0	50	yes	yes	no	'ip','G3'
1171	99095	20180601	20210601	3	r123-*	1T	123456	Default	x	x	x	x	x	prob1+raceno	0	50	yes	yes	no	'ip','G3'
1172	99096	20180601	20210601	3	r123-*	1T	123456	Default	x	x	x	x	x	prob1+raceno	0	50	yes	yes	no	'ip','G3'
1173	99080	20180601	20210601	3	r123-*	1T	123456	Default	x	x	x	x	x	prob1+jyocd	0	50	yes	yes	no	'ip','G3'
1174	99081	20180601	20210601	3	r123-*	1T	123456	Default	x	x	x	x	x	prob1+jyocd	0	50	yes	yes	no	'ip','G3'
1175	99082	20180601	20210601	3	r123-*	1T	123456	Default	x	x	x	x	x	prob1+jyocd	0	50	yes	yes	no	'ip','G3'
1176	99083	20180601	20210601	3	r123-*	1T	123456	Default	x	x	x	x	x	prob1+jyocd	0	50	yes	yes	no	'ip','G3'
1177	99084	20180601	20210601	3	r123-*	1T	123456	Default	x	x	x	x	x	prob1+jyocd	0	50	yes	yes	no	'ip','G3'
1178	99085	20180601	20210601	3	r123-*	1T	123456	Default	x	x	x	x	x	prob1+jyocd	0	50	yes	yes	no	'ip','G3'
1179	99086	20180601	20210601	3	r123-*	1T	123456	Default	x	x	x	x	x	prob1+jyocd	0	50	yes	yes	no	'ip','G3'
1180	99087	20180601	20210601	3	r123-*	1T	123456	Default	x	x	x	x	x	prob1+jyocd	0	50	yes	yes	no	'ip','G3'
1181	99088	20180601	20210601	3	r123-*	1T	123456	Default	x	x	x	x	x	prob1+jyocd	0	50	yes	yes	no	'ip','G3'
1182	99089	20180601	20210601	3	r123-*	1T	123456	Default	x	x	x	x	x	prob1+jyocd	0	50	yes	yes	no	'ip','G3'
1183	99090	20180601	20210601	3	r123-*	1T	123456	Default	x	x	x	x	x	prob1+jyocd	0	50	yes	yes	no	'ip','G3'
1184	99091	20180601	20210601	3	r123-*	1T	123456	Default	x	x	x	x	x	prob1+jyocd	0	50	yes	yes	no	'ip','G3'
1185	99092	20180601	20210601	3	r123-*	1T	123456	Default	x	x	x	x	x	prob1+jyocd	0	50	yes	yes	no	'ip','G3'
1186	99093	20180601	20210601	3	r123-*	1T	123456	Default	x	x	x	x	x	prob1+jyocd	0	50	yes	yes	no	'ip','G3'
1187	99094	20180601	20210601	3	r123-*	1T	123456	Default	x	x	x	x	x	prob1+jyocd	0	50	yes	yes	no	'ip','G3'
1188	99095	20180601	20210601	3	r123-*	1T	123456	Default	x	x	x	x	x	prob1+jyocd	0	50	yes	yes	no	'ip','G3'
1189	99096	20180601	20210601	3	r123-*	1T	123456	Default	x	x	x	x	x	prob1+jyocd	0	50	yes	yes	no	'ip','G3'
1190	99080	20180601	20210601	3	r123-*	1T	123456	Default	x	x	x	x	x	prob1+alevelcount	0	50	yes	yes	no	'ip','G3'
1191	99081	20180601	20210601	3	r123-*	1T	123456	Default	x	x	x	x	x	prob1+alevelcount	0	50	yes	yes	no	'ip','G3'
1192	99082	20180601	20210601	3	r123-*	1T	123456	Default	x	x	x	x	x	prob1+alevelcount	0	50	yes	yes	no	'ip','G3'
1193	99083	20180601	20210601	3	r123-*	1T	123456	Default	x	x	x	x	x	prob1+alevelcount	0	50	yes	yes	no	'ip','G3'
1194	99084	20180601	20210601	3	r123-*	1T	123456	Default	x	x	x	x	x	prob1+alevelcount	0	50	yes	yes	no	'ip','G3'
1195	99085	20180601	20210601	3	r123-*	1T	123456	Default	x	x	x	x	x	prob1+alevelcount	0	50	yes	yes	no	'ip','G3'
1196	99086	20180601	20210601	3	r123-*	1T	123456	Default	x	x	x	x	x	prob1+alevelcount	0	50	yes	yes	no	'ip','G3'
1197	99087	20180601	20210601	3	r123-*	1T	123456	Default	x	x	x	x	x	prob1+alevelcount	0	50	yes	yes	no	'ip','G3'
1198	99088	20180601	20210601	3	r123-*	1T	123456	Default	x	x	x	x	x	prob1+alevelcount	0	50	yes	yes	no	'ip','G3'
1199	99089	20180601	20210601	3	r123-*	1T	123456	Default	x	x	x	x	x	prob1+alevelcount	0	50	yes	yes	no	'ip','G3'
1200	99090	20180601	20210601	3	r123-*	1T	123456	Default	x	x	x	x	x	prob1+alevelcount	0	50	yes	yes	no	'ip','G3'
1201	99091	20180601	20210601	3	r123-*	1T	123456	Default	x	x	x	x	x	prob1+alevelcount	0	50	yes	yes	no	'ip','G3'
1202	99092	20180601	20210601	3	r123-*	1T	123456	Default	x	x	x	x	x	prob1+alevelcount	0	50	yes	yes	no	'ip','G3'
1203	99093	20180601	20210601	3	r123-*	1T	123456	Default	x	x	x	x	x	prob1+alevelcount	0	50	yes	yes	no	'ip','G3'
1204	99094	20180601	20210601	3	r123-*	1T	123456	Default	x	x	x	x	x	prob1+alevelcount	0	50	yes	yes	no	'ip','G3'
1205	99095	20180601	20210601	3	r123-*	1T	123456	Default	x	x	x	x	x	prob1+alevelcount	0	50	yes	yes	no	'ip','G3'
1206	99096	20180601	20210601	3	r123-*	1T	123456	Default	x	x	x	x	x	prob1+alevelcount	0	50	yes	yes	no	'ip','G3'
1207	99080	20180601	20210601	3	r123-*	1T	123456	Default	x	x	x	x	x	jyocd+waku1	0	50	yes	yes	no	'ip','G3'
1208	99081	20180601	20210601	3	r123-*	1T	123456	Default	x	x	x	x	x	jyocd+waku1	0	50	yes	yes	no	'ip','G3'
1209	99082	20180601	20210601	3	r123-*	1T	123456	Default	x	x	x	x	x	jyocd+waku1	0	50	yes	yes	no	'ip','G3'
1210	99083	20180601	20210601	3	r123-*	1T	123456	Default	x	x	x	x	x	jyocd+waku1	0	50	yes	yes	no	'ip','G3'
1211	99084	20180601	20210601	3	r123-*	1T	123456	Default	x	x	x	x	x	jyocd+waku1	0	50	yes	yes	no	'ip','G3'
1212	99085	20180601	20210601	3	r123-*	1T	123456	Default	x	x	x	x	x	jyocd+waku1	0	50	yes	yes	no	'ip','G3'
1213	99086	20180601	20210601	3	r123-*	1T	123456	Default	x	x	x	x	x	jyocd+waku1	0	50	yes	yes	no	'ip','G3'
1214	99087	20180601	20210601	3	r123-*	1T	123456	Default	x	x	x	x	x	jyocd+waku1	0	50	yes	yes	no	'ip','G3'
1215	99088	20180601	20210601	3	r123-*	1T	123456	Default	x	x	x	x	x	jyocd+waku1	0	50	yes	yes	no	'ip','G3'
1216	99089	20180601	20210601	3	r123-*	1T	123456	Default	x	x	x	x	x	jyocd+waku1	0	50	yes	yes	no	'ip','G3'
1217	99090	20180601	20210601	3	r123-*	1T	123456	Default	x	x	x	x	x	jyocd+waku1	0	50	yes	yes	no	'ip','G3'
1218	99091	20180601	20210601	3	r123-*	1T	123456	Default	x	x	x	x	x	jyocd+waku1	0	50	yes	yes	no	'ip','G3'
1219	99092	20180601	20210601	3	r123-*	1T	123456	Default	x	x	x	x	x	jyocd+waku1	0	50	yes	yes	no	'ip','G3'
1220	99093	20180601	20210601	3	r123-*	1T	123456	Default	x	x	x	x	x	jyocd+waku1	0	50	yes	yes	no	'ip','G3'
1221	99094	20180601	20210601	3	r123-*	1T	123456	Default	x	x	x	x	x	jyocd+waku1	0	50	yes	yes	no	'ip','G3'
1222	99095	20180601	20210601	3	r123-*	1T	123456	Default	x	x	x	x	x	jyocd+waku1	0	50	yes	yes	no	'ip','G3'
1223	99096	20180601	20210601	3	r123-*	1T	123456	Default	x	x	x	x	x	jyocd+waku1	0	50	yes	yes	no	'ip','G3'
1224	99080	20180601	20210601	3	r123-*	1T	123456	Default	x	x	x	x	x	race+waku1	0	50	yes	yes	no	'ip','G3'
1225	99081	20180601	20210601	3	r123-*	1T	123456	Default	x	x	x	x	x	race+waku1	0	50	yes	yes	no	'ip','G3'
1226	99082	20180601	20210601	3	r123-*	1T	123456	Default	x	x	x	x	x	race+waku1	0	50	yes	yes	no	'ip','G3'
1227	99083	20180601	20210601	3	r123-*	1T	123456	Default	x	x	x	x	x	race+waku1	0	50	yes	yes	no	'ip','G3'
1228	99084	20180601	20210601	3	r123-*	1T	123456	Default	x	x	x	x	x	race+waku1	0	50	yes	yes	no	'ip','G3'
1229	99085	20180601	20210601	3	r123-*	1T	123456	Default	x	x	x	x	x	race+waku1	0	50	yes	yes	no	'ip','G3'
1230	99086	20180601	20210601	3	r123-*	1T	123456	Default	x	x	x	x	x	race+waku1	0	50	yes	yes	no	'ip','G3'
1231	99087	20180601	20210601	3	r123-*	1T	123456	Default	x	x	x	x	x	race+waku1	0	50	yes	yes	no	'ip','G3'
1232	99088	20180601	20210601	3	r123-*	1T	123456	Default	x	x	x	x	x	race+waku1	0	50	yes	yes	no	'ip','G3'
1233	99089	20180601	20210601	3	r123-*	1T	123456	Default	x	x	x	x	x	race+waku1	0	50	yes	yes	no	'ip','G3'
1234	99090	20180601	20210601	3	r123-*	1T	123456	Default	x	x	x	x	x	race+waku1	0	50	yes	yes	no	'ip','G3'
1235	99091	20180601	20210601	3	r123-*	1T	123456	Default	x	x	x	x	x	race+waku1	0	50	yes	yes	no	'ip','G3'
1236	99092	20180601	20210601	3	r123-*	1T	123456	Default	x	x	x	x	x	race+waku1	0	50	yes	yes	no	'ip','G3'
1237	99093	20180601	20210601	3	r123-*	1T	123456	Default	x	x	x	x	x	race+waku1	0	50	yes	yes	no	'ip','G3'
1238	99094	20180601	20210601	3	r123-*	1T	123456	Default	x	x	x	x	x	race+waku1	0	50	yes	yes	no	'ip','G3'
1239	99095	20180601	20210601	3	r123-*	1T	123456	Default	x	x	x	x	x	race+waku1	0	50	yes	yes	no	'ip','G3'
1240	99096	20180601	20210601	3	r123-*	1T	123456	Default	x	x	x	x	x	race+waku1	0	50	yes	yes	no	'ip','G3'
1241	99080	20180601	20210601	3	r123-*	1T	123456	Default	x	x	x	x	x	swa1	0	50	yes	yes	no	'ip','G3'
1242	99081	20180601	20210601	3	r123-*	1T	123456	Default	x	x	x	x	x	swa1	0	50	yes	yes	no	'ip','G3'
1243	99082	20180601	20210601	3	r123-*	1T	123456	Default	x	x	x	x	x	swa1	0	50	yes	yes	no	'ip','G3'
1244	99083	20180601	20210601	3	r123-*	1T	123456	Default	x	x	x	x	x	swa1	0	50	yes	yes	no	'ip','G3'
1245	99084	20180601	20210601	3	r123-*	1T	123456	Default	x	x	x	x	x	swa1	0	50	yes	yes	no	'ip','G3'
1246	99085	20180601	20210601	3	r123-*	1T	123456	Default	x	x	x	x	x	swa1	0	50	yes	yes	no	'ip','G3'
1247	99086	20180601	20210601	3	r123-*	1T	123456	Default	x	x	x	x	x	swa1	0	50	yes	yes	no	'ip','G3'
1248	99087	20180601	20210601	3	r123-*	1T	123456	Default	x	x	x	x	x	swa1	0	50	yes	yes	no	'ip','G3'
1249	99088	20180601	20210601	3	r123-*	1T	123456	Default	x	x	x	x	x	swa1	0	50	yes	yes	no	'ip','G3'
1250	99089	20180601	20210601	3	r123-*	1T	123456	Default	x	x	x	x	x	swa1	0	50	yes	yes	no	'ip','G3'
1251	99090	20180601	20210601	3	r123-*	1T	123456	Default	x	x	x	x	x	swa1	0	50	yes	yes	no	'ip','G3'
1252	99091	20180601	20210601	3	r123-*	1T	123456	Default	x	x	x	x	x	swa1	0	50	yes	yes	no	'ip','G3'
1253	99092	20180601	20210601	3	r123-*	1T	123456	Default	x	x	x	x	x	swa1	0	50	yes	yes	no	'ip','G3'
1254	99093	20180601	20210601	3	r123-*	1T	123456	Default	x	x	x	x	x	swa1	0	50	yes	yes	no	'ip','G3'
1255	99094	20180601	20210601	3	r123-*	1T	123456	Default	x	x	x	x	x	swa1	0	50	yes	yes	no	'ip','G3'
1256	99095	20180601	20210601	3	r123-*	1T	123456	Default	x	x	x	x	x	swa1	0	50	yes	yes	no	'ip','G3'
1257	99096	20180601	20210601	3	r123-*	1T	123456	Default	x	x	x	x	x	swa1	0	50	yes	yes	no	'ip','G3'
1258	99080	20180601	20210601	3	r123-*	1T	123456	Default	x	x	x	x	x	pd12+wk1	0	50	yes	yes	no	'ip','G3'
1259	99081	20180601	20210601	3	r123-*	1T	123456	Default	x	x	x	x	x	pd12+wk1	0	50	yes	yes	no	'ip','G3'
1260	99082	20180601	20210601	3	r123-*	1T	123456	Default	x	x	x	x	x	pd12+wk1	0	50	yes	yes	no	'ip','G3'
1261	99083	20180601	20210601	3	r123-*	1T	123456	Default	x	x	x	x	x	pd12+wk1	0	50	yes	yes	no	'ip','G3'
1262	99084	20180601	20210601	3	r123-*	1T	123456	Default	x	x	x	x	x	pd12+wk1	0	50	yes	yes	no	'ip','G3'
1263	99085	20180601	20210601	3	r123-*	1T	123456	Default	x	x	x	x	x	pd12+wk1	0	50	yes	yes	no	'ip','G3'
1264	99086	20180601	20210601	3	r123-*	1T	123456	Default	x	x	x	x	x	pd12+wk1	0	50	yes	yes	no	'ip','G3'
1265	99087	20180601	20210601	3	r123-*	1T	123456	Default	x	x	x	x	x	pd12+wk1	0	50	yes	yes	no	'ip','G3'
1266	99088	20180601	20210601	3	r123-*	1T	123456	Default	x	x	x	x	x	pd12+wk1	0	50	yes	yes	no	'ip','G3'
1267	99089	20180601	20210601	3	r123-*	1T	123456	Default	x	x	x	x	x	pd12+wk1	0	50	yes	yes	no	'ip','G3'
1268	99090	20180601	20210601	3	r123-*	1T	123456	Default	x	x	x	x	x	pd12+wk1	0	50	yes	yes	no	'ip','G3'
1269	99091	20180601	20210601	3	r123-*	1T	123456	Default	x	x	x	x	x	pd12+wk1	0	50	yes	yes	no	'ip','G3'
1270	99092	20180601	20210601	3	r123-*	1T	123456	Default	x	x	x	x	x	pd12+wk1	0	50	yes	yes	no	'ip','G3'
1271	99093	20180601	20210601	3	r123-*	1T	123456	Default	x	x	x	x	x	pd12+wk1	0	50	yes	yes	no	'ip','G3'
1272	99094	20180601	20210601	3	r123-*	1T	123456	Default	x	x	x	x	x	pd12+wk1	0	50	yes	yes	no	'ip','G3'
1273	99095	20180601	20210601	3	r123-*	1T	123456	Default	x	x	x	x	x	pd12+wk1	0	50	yes	yes	no	'ip','G3'
1274	99096	20180601	20210601	3	r123-*	1T	123456	Default	x	x	x	x	x	pd12+wk1	0	50	yes	yes	no	'ip','G3'
1275	99080	20180601	20210601	3	r123-*	1T	123456	Default	x	x	x	x	x	pd12+wk12	0	50	yes	yes	no	'ip','G3'
1276	99081	20180601	20210601	3	r123-*	1T	123456	Default	x	x	x	x	x	pd12+wk12	0	50	yes	yes	no	'ip','G3'
1277	99082	20180601	20210601	3	r123-*	1T	123456	Default	x	x	x	x	x	pd12+wk12	0	50	yes	yes	no	'ip','G3'
1278	99083	20180601	20210601	3	r123-*	1T	123456	Default	x	x	x	x	x	pd12+wk12	0	50	yes	yes	no	'ip','G3'
1279	99084	20180601	20210601	3	r123-*	1T	123456	Default	x	x	x	x	x	pd12+wk12	0	50	yes	yes	no	'ip','G3'
1280	99085	20180601	20210601	3	r123-*	1T	123456	Default	x	x	x	x	x	pd12+wk12	0	50	yes	yes	no	'ip','G3'
1281	99086	20180601	20210601	3	r123-*	1T	123456	Default	x	x	x	x	x	pd12+wk12	0	50	yes	yes	no	'ip','G3'
1282	99087	20180601	20210601	3	r123-*	1T	123456	Default	x	x	x	x	x	pd12+wk12	0	50	yes	yes	no	'ip','G3'
1283	99088	20180601	20210601	3	r123-*	1T	123456	Default	x	x	x	x	x	pd12+wk12	0	50	yes	yes	no	'ip','G3'
1284	99089	20180601	20210601	3	r123-*	1T	123456	Default	x	x	x	x	x	pd12+wk12	0	50	yes	yes	no	'ip','G3'
1285	99090	20180601	20210601	3	r123-*	1T	123456	Default	x	x	x	x	x	pd12+wk12	0	50	yes	yes	no	'ip','G3'
1286	99091	20180601	20210601	3	r123-*	1T	123456	Default	x	x	x	x	x	pd12+wk12	0	50	yes	yes	no	'ip','G3'
1287	99092	20180601	20210601	3	r123-*	1T	123456	Default	x	x	x	x	x	pd12+wk12	0	50	yes	yes	no	'ip','G3'
1288	99093	20180601	20210601	3	r123-*	1T	123456	Default	x	x	x	x	x	pd12+wk12	0	50	yes	yes	no	'ip','G3'
1289	99094	20180601	20210601	3	r123-*	1T	123456	Default	x	x	x	x	x	pd12+wk12	0	50	yes	yes	no	'ip','G3'
1290	99095	20180601	20210601	3	r123-*	1T	123456	Default	x	x	x	x	x	pd12+wk12	0	50	yes	yes	no	'ip','G3'
1291	99096	20180601	20210601	3	r123-*	1T	123456	Default	x	x	x	x	x	pd12+wk12	0	50	yes	yes	no	'ip','G3'
1292	99080	20180601	20210601	3	r123-*	1T	123456	Default	x	x	x	x	x	pd12+jyocd	0	50	yes	yes	no	'ip','G3'
1293	99081	20180601	20210601	3	r123-*	1T	123456	Default	x	x	x	x	x	pd12+jyocd	0	50	yes	yes	no	'ip','G3'
1294	99082	20180601	20210601	3	r123-*	1T	123456	Default	x	x	x	x	x	pd12+jyocd	0	50	yes	yes	no	'ip','G3'
1295	99083	20180601	20210601	3	r123-*	1T	123456	Default	x	x	x	x	x	pd12+jyocd	0	50	yes	yes	no	'ip','G3'
1296	99084	20180601	20210601	3	r123-*	1T	123456	Default	x	x	x	x	x	pd12+jyocd	0	50	yes	yes	no	'ip','G3'
1297	99085	20180601	20210601	3	r123-*	1T	123456	Default	x	x	x	x	x	pd12+jyocd	0	50	yes	yes	no	'ip','G3'
1298	99086	20180601	20210601	3	r123-*	1T	123456	Default	x	x	x	x	x	pd12+jyocd	0	50	yes	yes	no	'ip','G3'
1299	99087	20180601	20210601	3	r123-*	1T	123456	Default	x	x	x	x	x	pd12+jyocd	0	50	yes	yes	no	'ip','G3'
1300	99088	20180601	20210601	3	r123-*	1T	123456	Default	x	x	x	x	x	pd12+jyocd	0	50	yes	yes	no	'ip','G3'
1301	99089	20180601	20210601	3	r123-*	1T	123456	Default	x	x	x	x	x	pd12+jyocd	0	50	yes	yes	no	'ip','G3'
1302	99090	20180601	20210601	3	r123-*	1T	123456	Default	x	x	x	x	x	pd12+jyocd	0	50	yes	yes	no	'ip','G3'
1303	99091	20180601	20210601	3	r123-*	1T	123456	Default	x	x	x	x	x	pd12+jyocd	0	50	yes	yes	no	'ip','G3'
1304	99092	20180601	20210601	3	r123-*	1T	123456	Default	x	x	x	x	x	pd12+jyocd	0	50	yes	yes	no	'ip','G3'
1305	99093	20180601	20210601	3	r123-*	1T	123456	Default	x	x	x	x	x	pd12+jyocd	0	50	yes	yes	no	'ip','G3'
1306	99094	20180601	20210601	3	r123-*	1T	123456	Default	x	x	x	x	x	pd12+jyocd	0	50	yes	yes	no	'ip','G3'
1307	99095	20180601	20210601	3	r123-*	1T	123456	Default	x	x	x	x	x	pd12+jyocd	0	50	yes	yes	no	'ip','G3'
1308	99096	20180601	20210601	3	r123-*	1T	123456	Default	x	x	x	x	x	pd12+jyocd	0	50	yes	yes	no	'ip','G3'
1309	99080	20180601	20210601	3	r123-*	1T	123456	Default	x	x	x	x	x	pd12+raceno	0	50	yes	yes	no	'ip','G3'
1310	99081	20180601	20210601	3	r123-*	1T	123456	Default	x	x	x	x	x	pd12+raceno	0	50	yes	yes	no	'ip','G3'
1311	99082	20180601	20210601	3	r123-*	1T	123456	Default	x	x	x	x	x	pd12+raceno	0	50	yes	yes	no	'ip','G3'
1312	99083	20180601	20210601	3	r123-*	1T	123456	Default	x	x	x	x	x	pd12+raceno	0	50	yes	yes	no	'ip','G3'
1313	99084	20180601	20210601	3	r123-*	1T	123456	Default	x	x	x	x	x	pd12+raceno	0	50	yes	yes	no	'ip','G3'
1314	99085	20180601	20210601	3	r123-*	1T	123456	Default	x	x	x	x	x	pd12+raceno	0	50	yes	yes	no	'ip','G3'
1315	99086	20180601	20210601	3	r123-*	1T	123456	Default	x	x	x	x	x	pd12+raceno	0	50	yes	yes	no	'ip','G3'
1316	99087	20180601	20210601	3	r123-*	1T	123456	Default	x	x	x	x	x	pd12+raceno	0	50	yes	yes	no	'ip','G3'
1317	99088	20180601	20210601	3	r123-*	1T	123456	Default	x	x	x	x	x	pd12+raceno	0	50	yes	yes	no	'ip','G3'
1318	99089	20180601	20210601	3	r123-*	1T	123456	Default	x	x	x	x	x	pd12+raceno	0	50	yes	yes	no	'ip','G3'
1319	99090	20180601	20210601	3	r123-*	1T	123456	Default	x	x	x	x	x	pd12+raceno	0	50	yes	yes	no	'ip','G3'
1320	99091	20180601	20210601	3	r123-*	1T	123456	Default	x	x	x	x	x	pd12+raceno	0	50	yes	yes	no	'ip','G3'
1321	99092	20180601	20210601	3	r123-*	1T	123456	Default	x	x	x	x	x	pd12+raceno	0	50	yes	yes	no	'ip','G3'
1322	99093	20180601	20210601	3	r123-*	1T	123456	Default	x	x	x	x	x	pd12+raceno	0	50	yes	yes	no	'ip','G3'
1323	99094	20180601	20210601	3	r123-*	1T	123456	Default	x	x	x	x	x	pd12+raceno	0	50	yes	yes	no	'ip','G3'
1324	99095	20180601	20210601	3	r123-*	1T	123456	Default	x	x	x	x	x	pd12+raceno	0	50	yes	yes	no	'ip','G3'
1325	99096	20180601	20210601	3	r123-*	1T	123456	Default	x	x	x	x	x	pd12+raceno	0	50	yes	yes	no	'ip','G3'
1326	99080	20180601	20210601	3	r123-*	1T	123456	Default	x	x	x	x	x	pd12+turn	0	50	yes	yes	no	'ip','G3'
1327	99081	20180601	20210601	3	r123-*	1T	123456	Default	x	x	x	x	x	pd12+turn	0	50	yes	yes	no	'ip','G3'
1328	99082	20180601	20210601	3	r123-*	1T	123456	Default	x	x	x	x	x	pd12+turn	0	50	yes	yes	no	'ip','G3'
1329	99083	20180601	20210601	3	r123-*	1T	123456	Default	x	x	x	x	x	pd12+turn	0	50	yes	yes	no	'ip','G3'
1330	99084	20180601	20210601	3	r123-*	1T	123456	Default	x	x	x	x	x	pd12+turn	0	50	yes	yes	no	'ip','G3'
1331	99085	20180601	20210601	3	r123-*	1T	123456	Default	x	x	x	x	x	pd12+turn	0	50	yes	yes	no	'ip','G3'
1332	99086	20180601	20210601	3	r123-*	1T	123456	Default	x	x	x	x	x	pd12+turn	0	50	yes	yes	no	'ip','G3'
1333	99087	20180601	20210601	3	r123-*	1T	123456	Default	x	x	x	x	x	pd12+turn	0	50	yes	yes	no	'ip','G3'
1334	99088	20180601	20210601	3	r123-*	1T	123456	Default	x	x	x	x	x	pd12+turn	0	50	yes	yes	no	'ip','G3'
1335	99089	20180601	20210601	3	r123-*	1T	123456	Default	x	x	x	x	x	pd12+turn	0	50	yes	yes	no	'ip','G3'
1336	99090	20180601	20210601	3	r123-*	1T	123456	Default	x	x	x	x	x	pd12+turn	0	50	yes	yes	no	'ip','G3'
1337	99091	20180601	20210601	3	r123-*	1T	123456	Default	x	x	x	x	x	pd12+turn	0	50	yes	yes	no	'ip','G3'
1338	99092	20180601	20210601	3	r123-*	1T	123456	Default	x	x	x	x	x	pd12+turn	0	50	yes	yes	no	'ip','G3'
1339	99093	20180601	20210601	3	r123-*	1T	123456	Default	x	x	x	x	x	pd12+turn	0	50	yes	yes	no	'ip','G3'
1340	99094	20180601	20210601	3	r123-*	1T	123456	Default	x	x	x	x	x	pd12+turn	0	50	yes	yes	no	'ip','G3'
1341	99095	20180601	20210601	3	r123-*	1T	123456	Default	x	x	x	x	x	pd12+turn	0	50	yes	yes	no	'ip','G3'
1342	99096	20180601	20210601	3	r123-*	1T	123456	Default	x	x	x	x	x	pd12+turn	0	50	yes	yes	no	'ip','G3'
1343	99080	20180601	20210601	3	r123-*	1T	123456	Default	x	x	x	x	x	pd12+racetype	0	50	yes	yes	no	'ip','G3'
1344	99081	20180601	20210601	3	r123-*	1T	123456	Default	x	x	x	x	x	pd12+racetype	0	50	yes	yes	no	'ip','G3'
1345	99082	20180601	20210601	3	r123-*	1T	123456	Default	x	x	x	x	x	pd12+racetype	0	50	yes	yes	no	'ip','G3'
1346	99083	20180601	20210601	3	r123-*	1T	123456	Default	x	x	x	x	x	pd12+racetype	0	50	yes	yes	no	'ip','G3'
1347	99084	20180601	20210601	3	r123-*	1T	123456	Default	x	x	x	x	x	pd12+racetype	0	50	yes	yes	no	'ip','G3'
1348	99085	20180601	20210601	3	r123-*	1T	123456	Default	x	x	x	x	x	pd12+racetype	0	50	yes	yes	no	'ip','G3'
1349	99086	20180601	20210601	3	r123-*	1T	123456	Default	x	x	x	x	x	pd12+racetype	0	50	yes	yes	no	'ip','G3'
1350	99087	20180601	20210601	3	r123-*	1T	123456	Default	x	x	x	x	x	pd12+racetype	0	50	yes	yes	no	'ip','G3'
1351	99088	20180601	20210601	3	r123-*	1T	123456	Default	x	x	x	x	x	pd12+racetype	0	50	yes	yes	no	'ip','G3'
1352	99089	20180601	20210601	3	r123-*	1T	123456	Default	x	x	x	x	x	pd12+racetype	0	50	yes	yes	no	'ip','G3'
1353	99090	20180601	20210601	3	r123-*	1T	123456	Default	x	x	x	x	x	pd12+racetype	0	50	yes	yes	no	'ip','G3'
1354	99091	20180601	20210601	3	r123-*	1T	123456	Default	x	x	x	x	x	pd12+racetype	0	50	yes	yes	no	'ip','G3'
1355	99092	20180601	20210601	3	r123-*	1T	123456	Default	x	x	x	x	x	pd12+racetype	0	50	yes	yes	no	'ip','G3'
1356	99093	20180601	20210601	3	r123-*	1T	123456	Default	x	x	x	x	x	pd12+racetype	0	50	yes	yes	no	'ip','G3'
1357	99094	20180601	20210601	3	r123-*	1T	123456	Default	x	x	x	x	x	pd12+racetype	0	50	yes	yes	no	'ip','G3'
1358	99095	20180601	20210601	3	r123-*	1T	123456	Default	x	x	x	x	x	pd12+racetype	0	50	yes	yes	no	'ip','G3'
1359	99096	20180601	20210601	3	r123-*	1T	123456	Default	x	x	x	x	x	pd12+racetype	0	50	yes	yes	no	'ip','G3'
1360	99080	20180601	20210601	3	r123-*	1T	123456	Default	x	x	x	x	x	pd12+alevelcount	0	50	yes	yes	no	'ip','G3'
1361	99081	20180601	20210601	3	r123-*	1T	123456	Default	x	x	x	x	x	pd12+alevelcount	0	50	yes	yes	no	'ip','G3'
1362	99082	20180601	20210601	3	r123-*	1T	123456	Default	x	x	x	x	x	pd12+alevelcount	0	50	yes	yes	no	'ip','G3'
1363	99083	20180601	20210601	3	r123-*	1T	123456	Default	x	x	x	x	x	pd12+alevelcount	0	50	yes	yes	no	'ip','G3'
1364	99084	20180601	20210601	3	r123-*	1T	123456	Default	x	x	x	x	x	pd12+alevelcount	0	50	yes	yes	no	'ip','G3'
1365	99085	20180601	20210601	3	r123-*	1T	123456	Default	x	x	x	x	x	pd12+alevelcount	0	50	yes	yes	no	'ip','G3'
1366	99086	20180601	20210601	3	r123-*	1T	123456	Default	x	x	x	x	x	pd12+alevelcount	0	50	yes	yes	no	'ip','G3'
1367	99087	20180601	20210601	3	r123-*	1T	123456	Default	x	x	x	x	x	pd12+alevelcount	0	50	yes	yes	no	'ip','G3'
1368	99088	20180601	20210601	3	r123-*	1T	123456	Default	x	x	x	x	x	pd12+alevelcount	0	50	yes	yes	no	'ip','G3'
1369	99089	20180601	20210601	3	r123-*	1T	123456	Default	x	x	x	x	x	pd12+alevelcount	0	50	yes	yes	no	'ip','G3'
1370	99090	20180601	20210601	3	r123-*	1T	123456	Default	x	x	x	x	x	pd12+alevelcount	0	50	yes	yes	no	'ip','G3'
1371	99091	20180601	20210601	3	r123-*	1T	123456	Default	x	x	x	x	x	pd12+alevelcount	0	50	yes	yes	no	'ip','G3'
1372	99092	20180601	20210601	3	r123-*	1T	123456	Default	x	x	x	x	x	pd12+alevelcount	0	50	yes	yes	no	'ip','G3'
1373	99093	20180601	20210601	3	r123-*	1T	123456	Default	x	x	x	x	x	pd12+alevelcount	0	50	yes	yes	no	'ip','G3'
1374	99094	20180601	20210601	3	r123-*	1T	123456	Default	x	x	x	x	x	pd12+alevelcount	0	50	yes	yes	no	'ip','G3'
1375	99095	20180601	20210601	3	r123-*	1T	123456	Default	x	x	x	x	x	pd12+alevelcount	0	50	yes	yes	no	'ip','G3'
1376	99096	20180601	20210601	3	r123-*	1T	123456	Default	x	x	x	x	x	pd12+alevelcount	0	50	yes	yes	no	'ip','G3'
1377	99080	20180601	20210601	3	r123-*	1T	123456	Default	x	x	x	x	x	pd12+prob1dig	0	50	yes	yes	no	'ip','G3'
1378	99081	20180601	20210601	3	r123-*	1T	123456	Default	x	x	x	x	x	pd12+prob1dig	0	50	yes	yes	no	'ip','G3'
1379	99082	20180601	20210601	3	r123-*	1T	123456	Default	x	x	x	x	x	pd12+prob1dig	0	50	yes	yes	no	'ip','G3'
1380	99083	20180601	20210601	3	r123-*	1T	123456	Default	x	x	x	x	x	pd12+prob1dig	0	50	yes	yes	no	'ip','G3'
1381	99084	20180601	20210601	3	r123-*	1T	123456	Default	x	x	x	x	x	pd12+prob1dig	0	50	yes	yes	no	'ip','G3'
1382	99085	20180601	20210601	3	r123-*	1T	123456	Default	x	x	x	x	x	pd12+prob1dig	0	50	yes	yes	no	'ip','G3'
1383	99086	20180601	20210601	3	r123-*	1T	123456	Default	x	x	x	x	x	pd12+prob1dig	0	50	yes	yes	no	'ip','G3'
1384	99087	20180601	20210601	3	r123-*	1T	123456	Default	x	x	x	x	x	pd12+prob1dig	0	50	yes	yes	no	'ip','G3'
1385	99088	20180601	20210601	3	r123-*	1T	123456	Default	x	x	x	x	x	pd12+prob1dig	0	50	yes	yes	no	'ip','G3'
1386	99089	20180601	20210601	3	r123-*	1T	123456	Default	x	x	x	x	x	pd12+prob1dig	0	50	yes	yes	no	'ip','G3'
1387	99090	20180601	20210601	3	r123-*	1T	123456	Default	x	x	x	x	x	pd12+prob1dig	0	50	yes	yes	no	'ip','G3'
1388	99091	20180601	20210601	3	r123-*	1T	123456	Default	x	x	x	x	x	pd12+prob1dig	0	50	yes	yes	no	'ip','G3'
1389	99092	20180601	20210601	3	r123-*	1T	123456	Default	x	x	x	x	x	pd12+prob1dig	0	50	yes	yes	no	'ip','G3'
1390	99093	20180601	20210601	3	r123-*	1T	123456	Default	x	x	x	x	x	pd12+prob1dig	0	50	yes	yes	no	'ip','G3'
1391	99094	20180601	20210601	3	r123-*	1T	123456	Default	x	x	x	x	x	pd12+prob1dig	0	50	yes	yes	no	'ip','G3'
1392	99095	20180601	20210601	3	r123-*	1T	123456	Default	x	x	x	x	x	pd12+prob1dig	0	50	yes	yes	no	'ip','G3'
1393	99096	20180601	20210601	3	r123-*	1T	123456	Default	x	x	x	x	x	pd12+prob1dig	0	50	yes	yes	no	'ip','G3'
1394	99080	20180601	20210601	3	r123-*	1T	123456	Default	x	x	x	x	x	pd12+compred1	0	50	yes	yes	no	'ip','G3'
1395	99081	20180601	20210601	3	r123-*	1T	123456	Default	x	x	x	x	x	pd12+compred1	0	50	yes	yes	no	'ip','G3'
1396	99082	20180601	20210601	3	r123-*	1T	123456	Default	x	x	x	x	x	pd12+compred1	0	50	yes	yes	no	'ip','G3'
1397	99083	20180601	20210601	3	r123-*	1T	123456	Default	x	x	x	x	x	pd12+compred1	0	50	yes	yes	no	'ip','G3'
1398	99084	20180601	20210601	3	r123-*	1T	123456	Default	x	x	x	x	x	pd12+compred1	0	50	yes	yes	no	'ip','G3'
1399	99085	20180601	20210601	3	r123-*	1T	123456	Default	x	x	x	x	x	pd12+compred1	0	50	yes	yes	no	'ip','G3'
1400	99086	20180601	20210601	3	r123-*	1T	123456	Default	x	x	x	x	x	pd12+compred1	0	50	yes	yes	no	'ip','G3'
1401	99087	20180601	20210601	3	r123-*	1T	123456	Default	x	x	x	x	x	pd12+compred1	0	50	yes	yes	no	'ip','G3'
1402	99088	20180601	20210601	3	r123-*	1T	123456	Default	x	x	x	x	x	pd12+compred1	0	50	yes	yes	no	'ip','G3'
1403	99089	20180601	20210601	3	r123-*	1T	123456	Default	x	x	x	x	x	pd12+compred1	0	50	yes	yes	no	'ip','G3'
1404	99090	20180601	20210601	3	r123-*	1T	123456	Default	x	x	x	x	x	pd12+compred1	0	50	yes	yes	no	'ip','G3'
1405	99091	20180601	20210601	3	r123-*	1T	123456	Default	x	x	x	x	x	pd12+compred1	0	50	yes	yes	no	'ip','G3'
1406	99092	20180601	20210601	3	r123-*	1T	123456	Default	x	x	x	x	x	pd12+compred1	0	50	yes	yes	no	'ip','G3'
1407	99093	20180601	20210601	3	r123-*	1T	123456	Default	x	x	x	x	x	pd12+compred1	0	50	yes	yes	no	'ip','G3'
1408	99094	20180601	20210601	3	r123-*	1T	123456	Default	x	x	x	x	x	pd12+compred1	0	50	yes	yes	no	'ip','G3'
1409	99095	20180601	20210601	3	r123-*	1T	123456	Default	x	x	x	x	x	pd12+compred1	0	50	yes	yes	no	'ip','G3'
1410	99096	20180601	20210601	3	r123-*	1T	123456	Default	x	x	x	x	x	pd12+compred1	0	50	yes	yes	no	'ip','G3'
1411	99080	20180601	20210601	3	r123-*	1T	123456	Default	x	x	x	x	x	pd12+compred12	0	50	yes	yes	no	'ip','G3'
1412	99081	20180601	20210601	3	r123-*	1T	123456	Default	x	x	x	x	x	pd12+compred12	0	50	yes	yes	no	'ip','G3'
1413	99082	20180601	20210601	3	r123-*	1T	123456	Default	x	x	x	x	x	pd12+compred12	0	50	yes	yes	no	'ip','G3'
1414	99083	20180601	20210601	3	r123-*	1T	123456	Default	x	x	x	x	x	pd12+compred12	0	50	yes	yes	no	'ip','G3'
1415	99084	20180601	20210601	3	r123-*	1T	123456	Default	x	x	x	x	x	pd12+compred12	0	50	yes	yes	no	'ip','G3'
1416	99085	20180601	20210601	3	r123-*	1T	123456	Default	x	x	x	x	x	pd12+compred12	0	50	yes	yes	no	'ip','G3'
1417	99086	20180601	20210601	3	r123-*	1T	123456	Default	x	x	x	x	x	pd12+compred12	0	50	yes	yes	no	'ip','G3'
1418	99087	20180601	20210601	3	r123-*	1T	123456	Default	x	x	x	x	x	pd12+compred12	0	50	yes	yes	no	'ip','G3'
1419	99088	20180601	20210601	3	r123-*	1T	123456	Default	x	x	x	x	x	pd12+compred12	0	50	yes	yes	no	'ip','G3'
1420	99089	20180601	20210601	3	r123-*	1T	123456	Default	x	x	x	x	x	pd12+compred12	0	50	yes	yes	no	'ip','G3'
1421	99090	20180601	20210601	3	r123-*	1T	123456	Default	x	x	x	x	x	pd12+compred12	0	50	yes	yes	no	'ip','G3'
1422	99091	20180601	20210601	3	r123-*	1T	123456	Default	x	x	x	x	x	pd12+compred12	0	50	yes	yes	no	'ip','G3'
1423	99092	20180601	20210601	3	r123-*	1T	123456	Default	x	x	x	x	x	pd12+compred12	0	50	yes	yes	no	'ip','G3'
1424	99093	20180601	20210601	3	r123-*	1T	123456	Default	x	x	x	x	x	pd12+compred12	0	50	yes	yes	no	'ip','G3'
1425	99094	20180601	20210601	3	r123-*	1T	123456	Default	x	x	x	x	x	pd12+compred12	0	50	yes	yes	no	'ip','G3'
1426	99095	20180601	20210601	3	r123-*	1T	123456	Default	x	x	x	x	x	pd12+compred12	0	50	yes	yes	no	'ip','G3'
1427	99096	20180601	20210601	3	r123-*	1T	123456	Default	x	x	x	x	x	pd12+compred12	0	50	yes	yes	no	'ip','G3'
1428	99080	20180601	20210601	3	r123-*	1T	123456	Default	x	x	x	x	x	compred1+conf	0	50	yes	yes	no	'ip','G3'
1429	99081	20180601	20210601	3	r123-*	1T	123456	Default	x	x	x	x	x	compred1+conf	0	50	yes	yes	no	'ip','G3'
1430	99082	20180601	20210601	3	r123-*	1T	123456	Default	x	x	x	x	x	compred1+conf	0	50	yes	yes	no	'ip','G3'
1431	99083	20180601	20210601	3	r123-*	1T	123456	Default	x	x	x	x	x	compred1+conf	0	50	yes	yes	no	'ip','G3'
1432	99084	20180601	20210601	3	r123-*	1T	123456	Default	x	x	x	x	x	compred1+conf	0	50	yes	yes	no	'ip','G3'
1433	99085	20180601	20210601	3	r123-*	1T	123456	Default	x	x	x	x	x	compred1+conf	0	50	yes	yes	no	'ip','G3'
1434	99086	20180601	20210601	3	r123-*	1T	123456	Default	x	x	x	x	x	compred1+conf	0	50	yes	yes	no	'ip','G3'
1435	99087	20180601	20210601	3	r123-*	1T	123456	Default	x	x	x	x	x	compred1+conf	0	50	yes	yes	no	'ip','G3'
1436	99088	20180601	20210601	3	r123-*	1T	123456	Default	x	x	x	x	x	compred1+conf	0	50	yes	yes	no	'ip','G3'
1437	99089	20180601	20210601	3	r123-*	1T	123456	Default	x	x	x	x	x	compred1+conf	0	50	yes	yes	no	'ip','G3'
1438	99090	20180601	20210601	3	r123-*	1T	123456	Default	x	x	x	x	x	compred1+conf	0	50	yes	yes	no	'ip','G3'
1439	99091	20180601	20210601	3	r123-*	1T	123456	Default	x	x	x	x	x	compred1+conf	0	50	yes	yes	no	'ip','G3'
1440	99092	20180601	20210601	3	r123-*	1T	123456	Default	x	x	x	x	x	compred1+conf	0	50	yes	yes	no	'ip','G3'
1441	99093	20180601	20210601	3	r123-*	1T	123456	Default	x	x	x	x	x	compred1+conf	0	50	yes	yes	no	'ip','G3'
1442	99094	20180601	20210601	3	r123-*	1T	123456	Default	x	x	x	x	x	compred1+conf	0	50	yes	yes	no	'ip','G3'
1443	99095	20180601	20210601	3	r123-*	1T	123456	Default	x	x	x	x	x	compred1+conf	0	50	yes	yes	no	'ip','G3'
1444	99096	20180601	20210601	3	r123-*	1T	123456	Default	x	x	x	x	x	compred1+conf	0	50	yes	yes	no	'ip','G3'
1445	99080	20180601	20210601	3	r123-*	1T	123456	Default	x	x	x	x	x	comconf12	0	50	yes	yes	no	'ip','G3'
1446	99081	20180601	20210601	3	r123-*	1T	123456	Default	x	x	x	x	x	comconf12	0	50	yes	yes	no	'ip','G3'
1447	99082	20180601	20210601	3	r123-*	1T	123456	Default	x	x	x	x	x	comconf12	0	50	yes	yes	no	'ip','G3'
1448	99083	20180601	20210601	3	r123-*	1T	123456	Default	x	x	x	x	x	comconf12	0	50	yes	yes	no	'ip','G3'
1449	99084	20180601	20210601	3	r123-*	1T	123456	Default	x	x	x	x	x	comconf12	0	50	yes	yes	no	'ip','G3'
1450	99085	20180601	20210601	3	r123-*	1T	123456	Default	x	x	x	x	x	comconf12	0	50	yes	yes	no	'ip','G3'
1451	99086	20180601	20210601	3	r123-*	1T	123456	Default	x	x	x	x	x	comconf12	0	50	yes	yes	no	'ip','G3'
1452	99087	20180601	20210601	3	r123-*	1T	123456	Default	x	x	x	x	x	comconf12	0	50	yes	yes	no	'ip','G3'
1453	99088	20180601	20210601	3	r123-*	1T	123456	Default	x	x	x	x	x	comconf12	0	50	yes	yes	no	'ip','G3'
1454	99089	20180601	20210601	3	r123-*	1T	123456	Default	x	x	x	x	x	comconf12	0	50	yes	yes	no	'ip','G3'
1455	99090	20180601	20210601	3	r123-*	1T	123456	Default	x	x	x	x	x	comconf12	0	50	yes	yes	no	'ip','G3'
1456	99091	20180601	20210601	3	r123-*	1T	123456	Default	x	x	x	x	x	comconf12	0	50	yes	yes	no	'ip','G3'
1457	99092	20180601	20210601	3	r123-*	1T	123456	Default	x	x	x	x	x	comconf12	0	50	yes	yes	no	'ip','G3'
1458	99093	20180601	20210601	3	r123-*	1T	123456	Default	x	x	x	x	x	comconf12	0	50	yes	yes	no	'ip','G3'
1459	99094	20180601	20210601	3	r123-*	1T	123456	Default	x	x	x	x	x	comconf12	0	50	yes	yes	no	'ip','G3'
1460	99095	20180601	20210601	3	r123-*	1T	123456	Default	x	x	x	x	x	comconf12	0	50	yes	yes	no	'ip','G3'
1461	99096	20180601	20210601	3	r123-*	1T	123456	Default	x	x	x	x	x	comconf12	0	50	yes	yes	no	'ip','G3'
# 선정모델에 추가된 99063,99069,99072,99097,99098에 대해 추가 evaluation생성																				
1462	99063	20180601	20210601	3	r123-*	1T	123456	Default	x	x	x	x	x	nopattern	0.001	50	yes	yes	no	'ip','G3'
1463	99063	20180601	20210601	3	r123-*	1T	123456	Default	x	x	x	x	x	jyocd	0.001	50	yes	yes	no	'ip','G3'
1464	99063	20180601	20210601	3	r123-*	1T	123456	Default	x	x	x	x	x	turn	0.001	50	yes	yes	no	'ip','G3'
1465	99063	20180601	20210601	3	r123-*	1T	123456	Default	x	x	x	x	x	raceno	0.001	50	yes	yes	no	'ip','G3'
1466	99063	20180601	20210601	3	r123-*	1T	123456	Default	x	x	x	x	x	racetype	0.001	50	yes	yes	no	'ip','G3'
1467	99063	20180601	20210601	3	r123-*	1T	123456	Default	x	x	x	x	x	alevelcount	0.001	50	yes	yes	no	'ip','G3'
1468	99063	20180601	20210601	3	r123-*	1T	123456	Default	x	x	x	x	x	wakulevel1	0.001	50	yes	yes	no	'ip','G3'
1469	99063	20180601	20210601	3	r123-*	1T	123456	Default	x	x	x	x	x	wakulevel12	0.001	50	yes	yes	no	'ip','G3'
1470	99063	20180601	20210601	3	r123-*	1T	123456	Default	x	x	x	x	x	wakulevel13	0.001	50	yes	yes	no	'ip','G3'
1471	99063	20180601	20210601	3	r123-*	1T	123456	Default	x	x	x	x	x	probr1-1dig	0.001	50	yes	yes	no	'ip','G3'
1472	99063	20180601	20210601	3	r123-*	1T	123456	Default	x	x	x	x	x	probr1-2dig	0.001	50	yes	yes	no	'ip','G3'
1473	99063	20180601	20210601	3	r123-*	1T	123456	Default	x	x	x	x	x	compred1	0.001	50	yes	yes	no	'ip','G3'
1474	99063	20180601	20210601	3	r123-*	1T	123456	Default	x	x	x	x	x	compred12	0.001	50	yes	yes	no	'ip','G3'
1475	99063	20180601	20210601	3	r123-*	1T	123456	Default	x	x	x	x	x	turn+level1	0	50	yes	yes	no	'ip','G3'
1476	99063	20180601	20210601	3	r123-*	1T	123456	Default	x	x	x	x	x	turn+race	0	50	yes	yes	no	'ip','G3'
1477	99063	20180601	20210601	3	r123-*	1T	123456	Default	x	x	x	x	x	turn+alvlcnt	0	50	yes	yes	no	'ip','G3'
1478	99063	20180601	20210601	3	r123-*	1T	123456	Default	x	x	x	x	x	turn+racetype	0	50	yes	yes	no	'ip','G3'
1479	99063	20180601	20210601	3	r123-*	1T	123456	Default	x	x	x	x	x	jyocd+racetype	0	50	yes	yes	no	'ip','G3'
1480	99063	20180601	20210601	3	r123-*	1T	123456	Default	x	x	x	x	x	jyocd+race	0	50	yes	yes	no	'ip','G3'
1481	99063	20180601	20210601	3	r123-*	1T	123456	Default	x	x	x	x	x	probr12-1dig	0	50	yes	yes	no	'ip','G3'
1482	99063	20180601	20210601	3	r123-*	1T	123456	Default	x	x	x	x	x	probr1-r2-1dig	0	50	yes	yes	no	'ip','G3'
1483	99063	20180601	20210601	3	r123-*	1T	123456	Default	x	x	x	x	x	probr1-r2-2dig	0	50	yes	yes	no	'ip','G3'
1484	99063	20180601	20210601	3	r123-*	1T	123456	Default	x	x	x	x	x	prob1+waku1	0	50	yes	yes	no	'ip','G3'
1485	99063	20180601	20210601	3	r123-*	1T	123456	Default	x	x	x	x	x	prob1+waku12	0	50	yes	yes	no	'ip','G3'
1486	99063	20180601	20210601	3	r123-*	1T	123456	Default	x	x	x	x	x	prob1+turn	0	50	yes	yes	no	'ip','G3'
1487	99063	20180601	20210601	3	r123-*	1T	123456	Default	x	x	x	x	x	prob1+raceno	0	50	yes	yes	no	'ip','G3'
1488	99063	20180601	20210601	3	r123-*	1T	123456	Default	x	x	x	x	x	prob1+jyocd	0	50	yes	yes	no	'ip','G3'
1489	99063	20180601	20210601	3	r123-*	1T	123456	Default	x	x	x	x	x	prob1+alevelcount	0	50	yes	yes	no	'ip','G3'
1490	99063	20180601	20210601	3	r123-*	1T	123456	Default	x	x	x	x	x	jyocd+waku1	0	50	yes	yes	no	'ip','G3'
1491	99063	20180601	20210601	3	r123-*	1T	123456	Default	x	x	x	x	x	race+waku1	0	50	yes	yes	no	'ip','G3'
1492	99063	20180601	20210601	3	r123-*	1T	123456	Default	x	x	x	x	x	swa1	0	50	yes	yes	no	'ip','G3'
1493	99063	20180601	20210601	3	r123-*	1T	123456	Default	x	x	x	x	x	pd12+wk1	0	50	yes	yes	no	'ip','G3'
1494	99063	20180601	20210601	3	r123-*	1T	123456	Default	x	x	x	x	x	pd12+wk12	0	50	yes	yes	no	'ip','G3'
1495	99063	20180601	20210601	3	r123-*	1T	123456	Default	x	x	x	x	x	pd12+jyocd	0	50	yes	yes	no	'ip','G3'
1496	99063	20180601	20210601	3	r123-*	1T	123456	Default	x	x	x	x	x	pd12+raceno	0	50	yes	yes	no	'ip','G3'
1497	99063	20180601	20210601	3	r123-*	1T	123456	Default	x	x	x	x	x	pd12+turn	0	50	yes	yes	no	'ip','G3'
1498	99063	20180601	20210601	3	r123-*	1T	123456	Default	x	x	x	x	x	pd12+racetype	0	50	yes	yes	no	'ip','G3'
1499	99063	20180601	20210601	3	r123-*	1T	123456	Default	x	x	x	x	x	pd12+alevelcount	0	50	yes	yes	no	'ip','G3'
1500	99063	20180601	20210601	3	r123-*	1T	123456	Default	x	x	x	x	x	pd12+prob1dig	0	50	yes	yes	no	'ip','G3'
1501	99063	20180601	20210601	3	r123-*	1T	123456	Default	x	x	x	x	x	pd12+compred1	0	50	yes	yes	no	'ip','G3'
1502	99063	20180601	20210601	3	r123-*	1T	123456	Default	x	x	x	x	x	pd12+compred12	0	50	yes	yes	no	'ip','G3'
1503	99063	20180601	20210601	3	r123-*	1T	123456	Default	x	x	x	x	x	compred1+conf	0	50	yes	yes	no	'ip','G3'
1504	99063	20180601	20210601	3	r123-*	1T	123456	Default	x	x	x	x	x	comconf12	0	50	yes	yes	no	'ip','G3'
1505	99069	20180601	20210601	3	r123-*	1T	123456	Default	x	x	x	x	x	nopattern	0.001	50	yes	yes	no	'ip','G3'
1506	99069	20180601	20210601	3	r123-*	1T	123456	Default	x	x	x	x	x	jyocd	0.001	50	yes	yes	no	'ip','G3'
1507	99069	20180601	20210601	3	r123-*	1T	123456	Default	x	x	x	x	x	turn	0.001	50	yes	yes	no	'ip','G3'
1508	99069	20180601	20210601	3	r123-*	1T	123456	Default	x	x	x	x	x	raceno	0.001	50	yes	yes	no	'ip','G3'
1509	99069	20180601	20210601	3	r123-*	1T	123456	Default	x	x	x	x	x	racetype	0.001	50	yes	yes	no	'ip','G3'
1510	99069	20180601	20210601	3	r123-*	1T	123456	Default	x	x	x	x	x	alevelcount	0.001	50	yes	yes	no	'ip','G3'
1511	99069	20180601	20210601	3	r123-*	1T	123456	Default	x	x	x	x	x	wakulevel1	0.001	50	yes	yes	no	'ip','G3'
1512	99069	20180601	20210601	3	r123-*	1T	123456	Default	x	x	x	x	x	wakulevel12	0.001	50	yes	yes	no	'ip','G3'
1513	99069	20180601	20210601	3	r123-*	1T	123456	Default	x	x	x	x	x	wakulevel13	0.001	50	yes	yes	no	'ip','G3'
1514	99069	20180601	20210601	3	r123-*	1T	123456	Default	x	x	x	x	x	probr1-1dig	0.001	50	yes	yes	no	'ip','G3'
1515	99069	20180601	20210601	3	r123-*	1T	123456	Default	x	x	x	x	x	probr1-2dig	0.001	50	yes	yes	no	'ip','G3'
1516	99069	20180601	20210601	3	r123-*	1T	123456	Default	x	x	x	x	x	compred1	0.001	50	yes	yes	no	'ip','G3'
1517	99069	20180601	20210601	3	r123-*	1T	123456	Default	x	x	x	x	x	compred12	0.001	50	yes	yes	no	'ip','G3'
1518	99069	20180601	20210601	3	r123-*	1T	123456	Default	x	x	x	x	x	turn+level1	0	50	yes	yes	no	'ip','G3'
1519	99069	20180601	20210601	3	r123-*	1T	123456	Default	x	x	x	x	x	turn+race	0	50	yes	yes	no	'ip','G3'
1520	99069	20180601	20210601	3	r123-*	1T	123456	Default	x	x	x	x	x	turn+alvlcnt	0	50	yes	yes	no	'ip','G3'
1521	99069	20180601	20210601	3	r123-*	1T	123456	Default	x	x	x	x	x	turn+racetype	0	50	yes	yes	no	'ip','G3'
1522	99069	20180601	20210601	3	r123-*	1T	123456	Default	x	x	x	x	x	jyocd+racetype	0	50	yes	yes	no	'ip','G3'
1523	99069	20180601	20210601	3	r123-*	1T	123456	Default	x	x	x	x	x	jyocd+race	0	50	yes	yes	no	'ip','G3'
1524	99069	20180601	20210601	3	r123-*	1T	123456	Default	x	x	x	x	x	probr12-1dig	0	50	yes	yes	no	'ip','G3'
1525	99069	20180601	20210601	3	r123-*	1T	123456	Default	x	x	x	x	x	probr1-r2-1dig	0	50	yes	yes	no	'ip','G3'
1526	99069	20180601	20210601	3	r123-*	1T	123456	Default	x	x	x	x	x	probr1-r2-2dig	0	50	yes	yes	no	'ip','G3'
1527	99069	20180601	20210601	3	r123-*	1T	123456	Default	x	x	x	x	x	prob1+waku1	0	50	yes	yes	no	'ip','G3'
1528	99069	20180601	20210601	3	r123-*	1T	123456	Default	x	x	x	x	x	prob1+waku12	0	50	yes	yes	no	'ip','G3'
1529	99069	20180601	20210601	3	r123-*	1T	123456	Default	x	x	x	x	x	prob1+turn	0	50	yes	yes	no	'ip','G3'
1530	99069	20180601	20210601	3	r123-*	1T	123456	Default	x	x	x	x	x	prob1+raceno	0	50	yes	yes	no	'ip','G3'
1531	99069	20180601	20210601	3	r123-*	1T	123456	Default	x	x	x	x	x	prob1+jyocd	0	50	yes	yes	no	'ip','G3'
1532	99069	20180601	20210601	3	r123-*	1T	123456	Default	x	x	x	x	x	prob1+alevelcount	0	50	yes	yes	no	'ip','G3'
1533	99069	20180601	20210601	3	r123-*	1T	123456	Default	x	x	x	x	x	jyocd+waku1	0	50	yes	yes	no	'ip','G3'
1534	99069	20180601	20210601	3	r123-*	1T	123456	Default	x	x	x	x	x	race+waku1	0	50	yes	yes	no	'ip','G3'
1535	99069	20180601	20210601	3	r123-*	1T	123456	Default	x	x	x	x	x	swa1	0	50	yes	yes	no	'ip','G3'
1536	99069	20180601	20210601	3	r123-*	1T	123456	Default	x	x	x	x	x	pd12+wk1	0	50	yes	yes	no	'ip','G3'
1537	99069	20180601	20210601	3	r123-*	1T	123456	Default	x	x	x	x	x	pd12+wk12	0	50	yes	yes	no	'ip','G3'
1538	99069	20180601	20210601	3	r123-*	1T	123456	Default	x	x	x	x	x	pd12+jyocd	0	50	yes	yes	no	'ip','G3'
1539	99069	20180601	20210601	3	r123-*	1T	123456	Default	x	x	x	x	x	pd12+raceno	0	50	yes	yes	no	'ip','G3'
1540	99069	20180601	20210601	3	r123-*	1T	123456	Default	x	x	x	x	x	pd12+turn	0	50	yes	yes	no	'ip','G3'
1541	99069	20180601	20210601	3	r123-*	1T	123456	Default	x	x	x	x	x	pd12+racetype	0	50	yes	yes	no	'ip','G3'
1542	99069	20180601	20210601	3	r123-*	1T	123456	Default	x	x	x	x	x	pd12+alevelcount	0	50	yes	yes	no	'ip','G3'
1543	99069	20180601	20210601	3	r123-*	1T	123456	Default	x	x	x	x	x	pd12+prob1dig	0	50	yes	yes	no	'ip','G3'
1544	99069	20180601	20210601	3	r123-*	1T	123456	Default	x	x	x	x	x	pd12+compred1	0	50	yes	yes	no	'ip','G3'
1545	99069	20180601	20210601	3	r123-*	1T	123456	Default	x	x	x	x	x	pd12+compred12	0	50	yes	yes	no	'ip','G3'
1546	99069	20180601	20210601	3	r123-*	1T	123456	Default	x	x	x	x	x	compred1+conf	0	50	yes	yes	no	'ip','G3'
1547	99069	20180601	20210601	3	r123-*	1T	123456	Default	x	x	x	x	x	comconf12	0	50	yes	yes	no	'ip','G3'
1548	99072	20180601	20210601	3	r123-*	1T	123456	Default	x	x	x	x	x	nopattern	0.001	50	yes	yes	no	'ip','G3'
1549	99072	20180601	20210601	3	r123-*	1T	123456	Default	x	x	x	x	x	jyocd	0.001	50	yes	yes	no	'ip','G3'
1550	99072	20180601	20210601	3	r123-*	1T	123456	Default	x	x	x	x	x	turn	0.001	50	yes	yes	no	'ip','G3'
1551	99072	20180601	20210601	3	r123-*	1T	123456	Default	x	x	x	x	x	raceno	0.001	50	yes	yes	no	'ip','G3'
1552	99072	20180601	20210601	3	r123-*	1T	123456	Default	x	x	x	x	x	racetype	0.001	50	yes	yes	no	'ip','G3'
1553	99072	20180601	20210601	3	r123-*	1T	123456	Default	x	x	x	x	x	alevelcount	0.001	50	yes	yes	no	'ip','G3'
1554	99072	20180601	20210601	3	r123-*	1T	123456	Default	x	x	x	x	x	wakulevel1	0.001	50	yes	yes	no	'ip','G3'
1555	99072	20180601	20210601	3	r123-*	1T	123456	Default	x	x	x	x	x	wakulevel12	0.001	50	yes	yes	no	'ip','G3'
1556	99072	20180601	20210601	3	r123-*	1T	123456	Default	x	x	x	x	x	wakulevel13	0.001	50	yes	yes	no	'ip','G3'
1557	99072	20180601	20210601	3	r123-*	1T	123456	Default	x	x	x	x	x	probr1-1dig	0.001	50	yes	yes	no	'ip','G3'
1558	99072	20180601	20210601	3	r123-*	1T	123456	Default	x	x	x	x	x	probr1-2dig	0.001	50	yes	yes	no	'ip','G3'
1559	99072	20180601	20210601	3	r123-*	1T	123456	Default	x	x	x	x	x	compred1	0.001	50	yes	yes	no	'ip','G3'
1560	99072	20180601	20210601	3	r123-*	1T	123456	Default	x	x	x	x	x	compred12	0.001	50	yes	yes	no	'ip','G3'
1561	99072	20180601	20210601	3	r123-*	1T	123456	Default	x	x	x	x	x	turn+level1	0	50	yes	yes	no	'ip','G3'
1562	99072	20180601	20210601	3	r123-*	1T	123456	Default	x	x	x	x	x	turn+race	0	50	yes	yes	no	'ip','G3'
1563	99072	20180601	20210601	3	r123-*	1T	123456	Default	x	x	x	x	x	turn+alvlcnt	0	50	yes	yes	no	'ip','G3'
1564	99072	20180601	20210601	3	r123-*	1T	123456	Default	x	x	x	x	x	turn+racetype	0	50	yes	yes	no	'ip','G3'
1565	99072	20180601	20210601	3	r123-*	1T	123456	Default	x	x	x	x	x	jyocd+racetype	0	50	yes	yes	no	'ip','G3'
1566	99072	20180601	20210601	3	r123-*	1T	123456	Default	x	x	x	x	x	jyocd+race	0	50	yes	yes	no	'ip','G3'
1567	99072	20180601	20210601	3	r123-*	1T	123456	Default	x	x	x	x	x	probr12-1dig	0	50	yes	yes	no	'ip','G3'
1568	99072	20180601	20210601	3	r123-*	1T	123456	Default	x	x	x	x	x	probr1-r2-1dig	0	50	yes	yes	no	'ip','G3'
1569	99072	20180601	20210601	3	r123-*	1T	123456	Default	x	x	x	x	x	probr1-r2-2dig	0	50	yes	yes	no	'ip','G3'
1570	99072	20180601	20210601	3	r123-*	1T	123456	Default	x	x	x	x	x	prob1+waku1	0	50	yes	yes	no	'ip','G3'
1571	99072	20180601	20210601	3	r123-*	1T	123456	Default	x	x	x	x	x	prob1+waku12	0	50	yes	yes	no	'ip','G3'
1572	99072	20180601	20210601	3	r123-*	1T	123456	Default	x	x	x	x	x	prob1+turn	0	50	yes	yes	no	'ip','G3'
1573	99072	20180601	20210601	3	r123-*	1T	123456	Default	x	x	x	x	x	prob1+raceno	0	50	yes	yes	no	'ip','G3'
1574	99072	20180601	20210601	3	r123-*	1T	123456	Default	x	x	x	x	x	prob1+jyocd	0	50	yes	yes	no	'ip','G3'
1575	99072	20180601	20210601	3	r123-*	1T	123456	Default	x	x	x	x	x	prob1+alevelcount	0	50	yes	yes	no	'ip','G3'
1576	99072	20180601	20210601	3	r123-*	1T	123456	Default	x	x	x	x	x	jyocd+waku1	0	50	yes	yes	no	'ip','G3'
1577	99072	20180601	20210601	3	r123-*	1T	123456	Default	x	x	x	x	x	race+waku1	0	50	yes	yes	no	'ip','G3'
1578	99072	20180601	20210601	3	r123-*	1T	123456	Default	x	x	x	x	x	swa1	0	50	yes	yes	no	'ip','G3'
1579	99072	20180601	20210601	3	r123-*	1T	123456	Default	x	x	x	x	x	pd12+wk1	0	50	yes	yes	no	'ip','G3'
1580	99072	20180601	20210601	3	r123-*	1T	123456	Default	x	x	x	x	x	pd12+wk12	0	50	yes	yes	no	'ip','G3'
1581	99072	20180601	20210601	3	r123-*	1T	123456	Default	x	x	x	x	x	pd12+jyocd	0	50	yes	yes	no	'ip','G3'
1582	99072	20180601	20210601	3	r123-*	1T	123456	Default	x	x	x	x	x	pd12+raceno	0	50	yes	yes	no	'ip','G3'
1583	99072	20180601	20210601	3	r123-*	1T	123456	Default	x	x	x	x	x	pd12+turn	0	50	yes	yes	no	'ip','G3'
1584	99072	20180601	20210601	3	r123-*	1T	123456	Default	x	x	x	x	x	pd12+racetype	0	50	yes	yes	no	'ip','G3'
1585	99072	20180601	20210601	3	r123-*	1T	123456	Default	x	x	x	x	x	pd12+alevelcount	0	50	yes	yes	no	'ip','G3'
1586	99072	20180601	20210601	3	r123-*	1T	123456	Default	x	x	x	x	x	pd12+prob1dig	0	50	yes	yes	no	'ip','G3'
1587	99072	20180601	20210601	3	r123-*	1T	123456	Default	x	x	x	x	x	pd12+compred1	0	50	yes	yes	no	'ip','G3'
1588	99072	20180601	20210601	3	r123-*	1T	123456	Default	x	x	x	x	x	pd12+compred12	0	50	yes	yes	no	'ip','G3'
1589	99072	20180601	20210601	3	r123-*	1T	123456	Default	x	x	x	x	x	compred1+conf	0	50	yes	yes	no	'ip','G3'
1590	99072	20180601	20210601	3	r123-*	1T	123456	Default	x	x	x	x	x	comconf12	0	50	yes	yes	no	'ip','G3'
